msoa,all_ages,0,1,2,3,4,5,6,7,8,9,10,11,12,13,14,15,16,17,18,19,20,21,22,23,24,25,26,27,28,29,30,31,32,33,34,35,36,37,38,39,40,41,42,43,44,45,46,47,48,49,50,51,52,53,54,55,56,57,58,59,60,61,62,63,64,65,66,67,68,69,70,71,72,73,74,75,76,77,78,79,80,81,82,83,84,85,86,87,88,89,90
E02001682,4347,53,46,35,40,46,49,44,35,46,51,45,51,45,44,40,48,40,35,40,30,25,25,25,50,45,45,45,55,41,54,69,40,46,60,56,61,54,51,67,54,44,54,50,45,51,56,61,55,62,69,79,60,66,71,66,69,74,55,45,75,60,65,50,51,51,50,50,44,60,35,44,62,50,50,61,44,63,41,46,25,30,37,30,35,24,25,26,26,13,10,51
E02001683,4774,52,41,51,54,45,50,40,45,56,40,45,56,50,49,46,49,36,39,43,25,36,35,37,45,63,50,60,50,82,60,60,50,56,70,47,50,60,55,73,60,70,59,54,58,41,55,56,51,76,54,55,65,71,73,77,73,83,88,95,71,67,69,68,70,52,64,59,44,50,58,58,46,55,71,71,45,55,44,51,34,20,30,44,26,41,20,30,10,20,5,61
E02001684,3424,39,36,41,48,46,30,39,46,41,46,35,36,41,39,41,30,31,30,30,30,30,25,30,40,58,35,67,50,62,59,78,50,58,61,58,46,54,50,51,55,54,45,50,48,30,35,30,25,40,40,45,40,45,30,45,54,30,35,40,35,44,45,45,41,25,33,45,30,37,31,39,29,30,30,35,25,25,25,20,18,15,10,20,21,15,14,18,21,10,10,50
E02001685,4212,40,40,46,40,66,44,50,55,53,57,60,52,53,45,61,43,45,40,39,30,36,36,36,59,58,55,55,59,61,64,60,71,77,71,52,66,58,67,45,65,64,68,50,44,46,50,45,50,57,49,55,60,56,59,67,59,71,30,55,55,50,45,54,40,52,44,35,44,30,37,39,30,35,39,45,34,40,24,25,30,20,26,15,30,14,25,10,15,19,22,44
E02001686,3400,33,15,10,25,20,25,30,35,30,35,40,25,30,25,35,29,40,20,20,20,26,31,31,45,26,40,35,30,40,45,35,35,30,35,41,40,35,35,35,40,45,39,35,25,35,45,40,50,46,49,50,53,45,55,57,54,63,61,65,39,44,55,48,56,37,50,45,40,58,41,34,40,40,49,40,40,34,46,50,34,38,30,40,29,34,25,15,20,19,17,49
E02001688,3783,38,30,46,39,45,39,44,46,52,53,40,46,41,39,40,34,51,44,30,30,20,30,47,59,58,51,72,60,71,79,68,56,78,65,67,72,67,67,68,60,54,59,64,49,41,45,40,50,61,49,45,40,45,30,45,58,54,57,40,40,40,55,40,40,42,30,25,40,35,26,20,36,25,29,39,25,20,25,19,5,20,10,15,21,25,20,10,10,5,4,19
E02001689,3645,45,62,56,44,61,43,44,51,31,57,66,47,53,39,56,44,51,49,33,40,58,63,68,54,42,61,50,54,40,58,55,45,56,51,42,57,58,41,48,40,44,40,30,35,41,46,30,40,41,44,45,29,35,54,57,40,43,45,40,45,44,40,35,40,42,30,29,25,25,47,32,31,29,35,29,29,25,15,9,20,15,21,19,9,9,15,10,10,30,5,54
E02001690,3519,35,30,35,30,35,30,15,35,35,30,50,36,36,29,55,30,30,40,30,25,30,35,20,45,30,45,46,30,45,40,45,45,45,50,41,45,40,40,52,45,40,40,40,50,46,35,55,50,40,55,55,65,40,64,65,40,64,60,60,45,50,35,50,45,29,45,35,35,45,51,49,41,44,35,40,30,25,35,35,20,25,20,35,28,20,20,10,15,4,16,58
E02001691,4142,66,51,55,69,66,40,60,45,51,56,50,57,51,40,45,30,52,30,44,40,46,45,56,70,46,92,87,99,82,96,79,104,82,85,73,82,70,65,68,50,60,64,60,45,46,35,66,45,45,64,45,30,35,40,55,64,44,45,35,50,50,45,34,30,36,40,30,39,30,31,25,25,25,25,25,15,10,14,20,10,10,10,20,10,10,20,11,5,5,5,29
E02001692,3291,38,36,36,39,30,52,48,46,47,57,61,48,57,43,46,29,40,35,37,30,54,30,54,35,49,40,51,55,50,49,45,50,57,56,53,50,52,56,46,50,45,54,55,39,25,45,29,25,40,34,35,54,41,50,51,38,44,57,45,51,44,35,30,30,34,30,24,30,25,26,20,24,30,25,20,10,20,15,10,15,15,5,15,15,10,5,10,15,5,0,5
E02001693,2752,33,20,25,25,30,25,20,40,36,25,36,25,40,20,30,34,25,25,35,25,25,20,20,25,31,30,35,35,30,30,25,30,25,35,30,40,30,35,42,35,35,30,30,20,30,30,41,30,35,40,45,40,35,35,35,40,45,57,50,45,39,34,35,34,35,35,35,35,44,35,15,46,35,25,40,28,30,19,20,20,20,10,15,10,18,15,9,21,10,12,43
E02001694,3135,24,25,30,25,35,34,30,30,30,30,35,30,30,34,35,39,25,34,29,20,25,25,32,15,38,30,45,40,30,35,35,40,47,45,41,35,39,45,35,40,49,44,50,35,30,35,35,41,30,44,40,40,52,53,50,52,50,35,55,50,44,53,40,36,52,39,44,44,25,32,34,36,35,46,53,25,25,30,20,25,20,19,28,15,15,20,10,21,15,18,25
E02001695,2943,22,20,30,15,20,25,25,25,35,20,20,30,35,25,30,30,15,30,34,30,15,20,25,30,25,20,25,30,20,25,30,45,25,30,41,40,35,35,30,40,25,40,35,30,20,46,36,30,41,45,54,49,36,40,51,63,40,51,50,55,49,45,60,50,52,45,40,49,25,36,44,40,40,30,35,34,29,31,15,30,25,24,15,25,15,20,26,4,10,10,51
E02001696,4888,32,55,40,45,55,54,55,60,61,50,55,66,78,50,55,68,61,55,35,40,40,35,50,55,62,50,55,55,35,60,50,60,70,70,67,81,70,65,67,60,65,70,60,60,62,60,55,50,60,65,75,64,70,65,65,75,65,72,85,70,70,70,35,72,61,65,55,64,40,45,55,46,48,56,61,49,35,25,25,30,20,25,30,30,24,30,25,20,20,36,81
E02001697,3836,38,40,35,30,40,44,35,40,40,25,55,25,30,30,36,40,35,35,35,20,20,15,30,40,36,30,50,40,50,50,60,40,45,56,35,50,35,50,57,50,45,60,50,44,41,60,46,55,50,55,55,65,65,55,61,73,64,61,65,50,64,60,59,56,51,39,45,44,43,40,49,49,45,50,51,30,30,40,25,35,30,32,20,19,19,25,20,25,23,10,41
E02001698,3611,24,10,20,30,25,35,35,35,20,30,30,25,30,30,40,30,30,30,30,15,10,10,25,30,30,20,15,25,30,20,30,20,30,30,30,30,40,35,46,40,25,55,45,45,35,40,45,50,40,40,45,35,65,40,71,50,40,40,45,45,55,40,55,66,50,55,55,72,59,51,45,62,99,71,80,57,57,39,51,44,49,57,34,34,46,39,42,32,34,19,66
E02001699,3360,28,30,30,25,30,43,45,45,36,25,40,30,30,20,30,34,30,39,35,20,25,10,35,40,36,40,40,45,35,40,30,35,50,45,40,35,45,35,35,45,55,45,30,35,40,30,31,35,40,40,55,60,45,45,30,60,55,45,55,55,60,50,69,56,51,40,54,35,45,33,44,36,30,41,51,30,35,35,30,30,29,37,24,19,15,10,9,20,23,15,32
E02001700,5262,42,56,60,55,45,50,55,45,50,55,65,55,66,55,45,54,56,80,60,40,30,35,45,50,45,60,40,60,50,70,55,60,65,65,45,55,75,55,55,65,90,75,55,60,50,70,50,70,85,89,90,89,75,85,66,85,88,90,95,70,75,75,55,86,72,75,60,59,65,61,55,72,65,74,60,45,54,65,46,40,40,36,40,20,30,29,25,10,14,18,45
E02001701,3148,21,20,35,20,30,25,30,45,41,30,25,30,31,44,25,34,20,30,24,25,20,20,25,30,20,30,25,35,30,35,30,25,25,25,36,35,35,45,25,40,40,35,40,44,40,30,40,30,40,45,45,40,45,49,52,58,50,52,50,30,44,35,40,52,53,30,44,40,35,30,48,40,61,52,45,30,43,46,30,29,37,26,34,26,26,24,31,10,20,11,45
E02001702,4087,40,46,40,44,50,48,63,61,46,57,45,45,57,48,62,73,52,50,49,45,41,46,40,45,47,45,50,55,50,58,40,61,62,35,46,60,65,61,73,55,55,59,49,40,35,40,46,45,40,55,70,59,60,50,82,64,55,57,60,45,44,55,59,61,51,35,35,25,35,36,34,36,45,46,30,30,35,20,20,25,15,26,25,30,20,10,15,10,20,0,37
E02001703,2886,21,20,25,25,25,30,24,25,35,30,30,20,26,40,25,19,36,20,29,15,15,21,21,40,20,25,20,20,20,30,30,30,25,30,37,25,25,25,20,25,35,35,44,25,25,35,30,29,46,45,40,49,46,44,45,48,39,41,50,45,34,35,53,29,42,40,40,35,35,48,51,36,45,51,51,44,43,40,30,30,24,36,20,30,24,15,21,20,10,10,44
E02001704,3446,34,30,25,30,30,30,35,25,41,41,35,40,48,35,30,33,30,40,19,20,26,47,53,30,37,25,40,35,35,55,45,55,45,45,25,35,30,35,57,40,45,40,45,40,35,35,35,40,30,59,55,54,62,44,61,49,70,62,55,66,53,55,40,39,20,25,30,29,25,25,20,30,35,36,46,40,35,35,39,30,47,47,30,35,29,20,20,20,19,23,41
E02001706,4109,56,41,63,53,56,58,50,51,58,52,55,58,46,48,63,34,47,29,39,40,20,25,41,45,48,40,40,40,40,50,59,72,57,71,68,67,59,71,63,59,59,73,50,52,52,40,46,56,50,73,54,59,62,50,56,45,49,53,45,50,53,40,40,57,47,43,40,44,52,46,34,30,40,35,52,35,29,28,25,30,25,26,20,22,25,5,15,15,10,5,35
E02001707,4361,29,35,46,30,40,39,50,46,31,45,45,37,64,48,46,51,46,58,37,20,32,31,43,59,65,35,60,60,50,45,40,45,45,40,43,57,58,55,57,45,49,53,63,39,46,51,58,67,45,53,64,68,56,67,58,53,77,73,81,75,66,45,45,56,48,34,69,44,44,52,38,53,45,73,67,42,57,37,35,35,28,45,35,42,31,19,31,26,25,14,76
E02001709,5361,37,45,50,50,60,56,70,45,60,60,68,73,70,82,64,61,57,45,50,40,30,24,39,57,54,60,68,61,54,64,56,65,55,75,55,71,60,50,69,83,64,77,72,66,67,60,77,64,74,71,81,76,64,69,65,65,71,60,74,72,72,75,75,55,64,80,63,78,69,54,67,57,57,76,82,46,52,50,37,46,42,45,29,36,25,46,31,25,22,16,107
E02001710,5177,30,35,45,60,59,41,50,45,70,60,63,64,80,60,45,72,60,76,75,35,54,43,42,52,59,75,63,50,80,75,81,83,70,65,65,76,75,75,79,66,65,65,60,66,54,55,81,73,50,57,75,60,64,80,60,76,75,58,75,71,66,74,94,80,45,65,60,55,44,44,60,40,51,60,45,38,52,30,30,29,30,40,40,30,25,25,24,5,24,18,81
E02001711,5127,39,50,60,80,74,77,55,60,65,69,70,50,55,65,50,35,62,50,45,55,49,58,29,50,54,75,63,65,83,70,71,83,65,60,88,79,69,60,60,60,60,65,50,62,58,70,59,60,55,75,55,65,79,65,70,69,70,65,80,76,76,65,97,74,50,50,50,36,35,70,66,50,29,40,40,40,30,35,37,29,23,29,25,36,29,34,35,27,29,17,79
E02001712,4733,68,55,40,45,40,50,45,50,45,50,45,45,35,40,35,30,30,50,55,69,49,39,51,68,58,75,58,60,69,69,70,64,69,65,98,55,65,60,55,71,64,65,69,40,50,60,61,45,65,65,50,50,65,50,76,65,81,60,55,60,50,49,55,54,54,55,77,45,59,50,51,40,46,60,50,35,35,35,37,25,28,30,37,37,35,20,24,15,29,30,100
E02001713,5174,43,55,45,40,50,72,65,75,60,50,65,55,55,45,55,61,45,60,45,30,40,24,34,44,67,50,69,65,60,65,50,55,75,70,65,76,80,55,85,71,75,75,73,72,59,70,76,50,65,65,65,75,79,75,75,75,75,80,90,60,55,75,60,60,65,65,45,61,64,55,55,45,55,65,67,45,45,45,41,47,25,44,30,30,15,20,20,15,18,31,111
E02001714,4877,27,55,60,50,50,72,50,55,60,55,49,58,55,45,54,50,48,45,60,35,25,34,33,38,49,40,54,66,44,59,60,76,59,95,79,81,85,65,70,84,80,75,60,72,64,65,65,63,63,50,76,66,69,67,71,81,65,54,66,88,61,72,70,71,60,75,59,56,58,40,50,66,40,49,56,33,19,35,15,25,21,25,14,26,15,20,23,26,19,18,71
E02001715,6151,63,70,94,77,73,88,97,80,98,93,95,79,92,81,84,77,62,101,80,50,73,38,79,69,58,70,78,65,89,79,95,93,100,100,113,97,75,121,107,94,89,80,77,72,63,55,83,78,79,76,80,76,79,80,86,70,65,89,91,91,75,70,65,59,60,64,45,61,50,45,39,50,53,34,44,40,40,30,42,23,16,30,31,24,35,10,15,10,23,18,64
E02001718,3418,35,55,49,51,33,43,40,35,45,45,43,57,40,35,34,36,32,35,20,30,25,36,28,33,52,40,58,60,48,63,51,78,54,35,43,51,50,61,45,57,55,41,39,30,32,30,42,47,38,40,45,41,43,48,40,45,40,43,46,47,74,40,40,30,39,35,30,43,34,25,25,24,35,35,29,28,16,29,27,15,14,19,15,20,15,5,12,18,10,12,32
E02001719,4380,39,45,35,25,35,35,30,35,45,30,62,50,40,50,40,46,47,45,25,39,44,58,58,56,62,70,63,65,65,69,66,60,45,65,60,66,55,75,60,55,65,70,67,45,50,61,62,45,54,45,50,60,55,60,55,55,80,68,65,61,60,50,49,59,65,50,54,52,50,50,35,45,41,60,45,29,25,36,36,38,19,30,25,20,30,16,28,15,14,6,60
E02001720,4653,9,15,10,5,15,10,10,15,20,20,25,20,15,10,5,21,10,20,5,131,851,891,582,210,101,95,87,50,45,40,40,30,30,20,20,25,25,25,10,15,20,30,25,20,20,20,20,10,25,10,20,20,20,30,20,25,35,30,35,36,31,34,49,10,30,20,34,30,25,15,25,31,31,25,20,14,15,10,10,5,21,15,15,16,10,11,5,5,6,6,25
E02001721,5578,43,45,55,55,39,56,65,70,50,50,55,50,60,65,50,45,67,55,55,40,50,40,52,49,59,110,73,65,70,75,45,65,60,70,89,85,60,75,80,65,80,70,60,67,54,65,66,60,64,65,100,86,70,80,80,80,86,102,75,91,81,84,75,75,70,70,49,66,60,40,67,55,60,85,85,45,45,44,48,33,42,45,52,48,44,41,36,23,24,18,60
E02001722,5077,49,50,70,66,64,45,50,75,80,55,73,58,60,55,50,71,77,71,35,40,50,47,38,46,50,55,68,65,70,65,70,63,55,70,60,65,70,80,60,61,70,65,59,45,30,60,51,60,49,56,60,50,50,64,75,91,80,73,70,60,62,70,84,64,45,65,45,51,44,50,51,51,45,45,51,43,59,50,25,34,42,30,31,42,55,36,50,25,20,30,62
E02001723,3780,40,40,45,52,49,48,45,60,60,49,49,54,56,56,73,72,47,50,45,40,35,30,37,48,56,55,54,50,55,64,56,53,50,75,68,60,65,50,77,56,50,56,39,52,48,51,51,74,40,51,46,50,49,45,51,40,35,40,40,20,46,45,35,35,35,25,30,26,40,19,20,30,20,20,25,20,30,20,21,20,9,20,19,26,20,14,5,10,12,6,25
E02001724,4444,25,10,5,5,20,15,10,15,15,5,25,25,5,15,15,10,15,15,20,116,636,719,487,195,140,125,91,86,64,60,40,55,30,35,40,50,30,30,25,20,25,20,30,10,15,25,15,30,20,40,30,15,25,25,25,30,30,30,25,20,20,15,25,10,20,19,20,15,25,30,20,20,25,30,35,20,25,30,20,10,10,10,10,16,15,20,21,15,6,11,47
E02001725,4306,41,20,30,30,30,20,20,30,20,25,25,35,10,20,25,25,15,20,30,49,139,172,227,228,242,217,164,159,121,116,112,102,93,105,84,86,60,40,55,56,50,35,35,35,35,20,30,39,25,35,35,40,25,40,40,30,40,30,35,35,30,30,30,25,20,30,14,14,10,30,15,30,20,15,26,10,15,5,5,20,5,9,15,15,15,16,16,5,5,0,24
E02001726,6079,61,70,65,80,74,83,75,70,80,74,83,92,92,93,74,71,82,70,50,64,50,57,66,74,77,80,84,85,80,70,95,98,70,105,98,75,85,70,89,104,75,89,78,81,60,75,77,73,54,82,90,75,73,80,91,90,80,86,111,77,70,65,75,65,64,50,62,56,60,45,51,35,55,55,60,29,62,54,36,39,25,18,35,27,35,23,15,15,10,12,64
E02001727,4389,46,45,35,40,45,35,50,50,55,40,25,40,45,45,60,45,40,35,40,45,30,34,38,78,50,55,49,35,73,59,60,40,70,70,69,70,60,55,45,45,40,40,79,40,35,50,44,35,45,45,75,65,75,60,60,75,81,70,80,80,70,65,60,65,69,50,54,50,60,40,40,35,51,40,81,35,34,29,36,33,37,44,41,20,15,10,20,16,23,12,34
E02001728,4911,51,40,60,40,50,66,55,50,40,50,49,40,55,65,79,60,45,74,55,25,54,35,47,44,63,60,54,50,75,55,60,60,55,65,65,91,60,65,75,71,60,60,64,50,64,85,55,64,60,45,65,55,65,75,65,65,65,75,75,75,75,75,60,60,60,60,45,51,40,65,55,61,45,64,65,43,50,51,40,30,20,45,36,42,20,20,25,14,6,12,36
E02001729,5604,85,100,85,92,79,72,70,95,75,70,70,74,92,55,59,67,71,70,125,261,223,95,118,111,135,131,106,117,122,103,85,106,109,115,107,85,120,90,93,91,60,81,60,62,54,71,55,45,45,35,50,66,35,35,45,55,30,45,40,45,24,35,35,35,20,30,40,20,35,20,10,25,15,15,19,15,15,10,10,19,10,5,0,5,10,5,11,16,4,6,42
E02001732,2964,42,30,35,36,34,36,45,35,40,35,44,44,46,46,30,26,47,30,30,15,25,25,15,29,34,40,34,46,34,49,51,49,64,70,49,45,40,41,30,57,49,35,30,31,38,30,20,35,30,46,40,40,44,39,36,35,30,35,35,25,45,45,38,30,73,40,35,25,25,25,30,24,20,25,20,15,15,10,21,10,15,10,15,21,15,10,5,16,6,0,24
E02001734,4158,36,50,64,40,43,68,61,65,50,63,68,59,45,50,62,63,64,56,45,35,28,28,48,51,62,50,57,40,59,74,62,48,50,80,80,55,50,55,58,73,86,56,40,48,55,50,51,40,57,40,50,41,63,49,40,55,45,44,45,57,50,40,45,49,57,45,38,31,30,40,30,35,30,24,40,28,10,30,32,25,19,18,27,18,14,21,16,16,16,12,65
E02001735,3558,21,40,40,50,54,57,40,55,45,45,54,54,56,55,45,47,41,55,45,40,44,29,33,35,39,40,44,50,45,45,57,45,55,60,50,40,65,55,55,46,49,46,45,35,39,30,62,68,50,40,50,40,35,35,61,55,35,45,60,34,40,40,45,45,25,45,30,36,9,25,20,25,30,25,45,25,20,15,15,20,25,20,15,5,24,14,5,16,10,16,43
E02001737,3114,26,35,40,40,34,51,35,66,50,54,20,45,45,46,35,20,35,35,20,30,30,28,24,44,29,40,35,66,54,60,56,49,45,35,55,51,45,45,40,36,35,40,54,41,30,40,41,30,30,35,40,40,39,49,50,55,35,50,40,40,35,40,30,45,20,35,33,30,20,30,25,30,29,25,30,25,20,15,15,9,10,5,10,10,15,15,5,15,12,6,27
E02001738,3085,23,15,15,30,30,30,39,34,44,40,35,45,25,25,35,29,45,30,30,15,20,15,20,15,15,20,15,10,20,15,15,10,15,20,20,15,30,35,35,30,40,40,45,60,45,45,45,35,50,45,45,35,45,40,35,40,35,44,45,55,30,36,39,45,45,44,40,45,55,39,50,56,61,68,50,57,46,43,24,35,25,43,57,32,26,21,20,10,18,9,43
E02001739,3797,44,41,40,51,29,35,34,30,30,25,30,30,25,45,40,49,35,40,25,25,20,26,41,46,60,45,53,35,45,45,40,51,56,54,45,40,30,50,35,45,35,40,40,35,35,45,45,50,58,49,64,55,76,56,45,65,63,62,61,55,55,65,59,59,54,53,40,55,64,48,63,51,55,50,66,47,31,39,24,28,15,25,14,29,15,20,15,10,16,10,23
E02001740,3102,22,15,35,40,30,35,39,48,39,45,54,50,50,55,40,57,40,46,35,25,15,5,20,25,15,20,20,15,15,15,10,20,25,20,30,30,30,45,35,35,55,64,50,45,40,45,44,44,55,40,68,40,35,45,49,49,40,45,45,40,40,40,29,55,45,30,30,25,35,29,40,30,40,30,50,35,32,30,20,25,15,20,25,28,21,10,15,14,10,17,54
E02001741,4114,41,36,30,41,40,40,30,45,30,30,35,35,30,35,25,40,40,40,35,25,15,30,36,15,20,40,35,30,45,48,59,50,66,45,60,50,50,55,55,45,50,50,50,30,35,40,55,40,49,50,60,40,50,56,65,54,50,69,65,66,65,60,50,50,64,55,60,50,59,50,55,71,66,68,70,53,46,55,40,35,35,39,30,46,43,32,33,24,23,31,80
E02001742,3087,30,15,25,35,25,45,40,35,20,30,30,30,25,35,30,39,30,30,35,20,20,20,25,15,25,15,25,25,20,20,25,20,20,25,30,25,45,20,35,35,40,54,50,35,40,30,44,43,45,48,55,45,45,64,49,45,40,54,50,45,35,45,34,50,40,45,35,44,34,39,63,40,35,50,50,37,54,39,30,29,26,29,19,14,20,26,10,15,6,17,62
E02001743,3875,33,40,45,55,40,50,40,44,49,40,40,50,40,30,50,45,50,40,35,35,20,25,35,35,35,35,34,40,30,35,30,40,50,59,60,55,45,55,60,50,70,69,76,65,50,55,60,50,65,68,60,60,60,55,55,40,59,45,61,50,45,50,50,60,55,35,50,40,50,30,35,40,44,50,45,35,19,20,24,25,25,20,24,15,10,19,14,9,18,11,56
E02001744,4156,36,35,67,40,45,50,40,48,58,45,64,50,35,55,45,39,40,51,30,30,25,20,30,36,40,43,53,55,62,82,77,60,76,63,65,82,82,55,71,61,69,54,55,55,55,60,55,54,59,74,50,60,45,60,50,54,45,59,55,45,55,60,55,45,55,40,45,45,44,35,40,30,40,35,35,30,20,24,25,25,16,15,13,20,20,19,9,27,10,16,54
E02001745,3509,37,30,35,36,32,25,32,39,48,39,34,54,40,50,30,37,20,30,39,43,32,26,32,31,45,48,46,40,51,49,45,57,58,55,66,45,46,52,61,45,35,54,40,52,33,40,34,44,39,44,50,55,40,58,44,50,48,44,46,45,61,50,48,45,38,40,45,45,35,39,39,35,47,53,45,28,32,25,25,18,21,20,20,20,10,19,10,10,5,6,20
E02001746,4249,27,20,45,40,59,35,45,50,40,59,45,45,55,55,40,53,45,41,35,35,25,30,30,40,40,25,30,30,35,52,50,40,40,50,45,50,50,60,60,60,77,70,65,60,55,60,64,44,73,74,50,75,87,65,65,55,60,65,76,55,55,55,63,60,54,40,35,45,40,49,55,60,45,40,56,49,40,48,30,20,36,39,25,28,26,37,10,15,24,10,54
E02001747,3279,19,25,40,35,34,35,30,30,35,30,35,25,15,25,20,35,30,25,25,10,15,10,20,25,20,15,20,25,25,20,30,30,35,40,35,40,30,36,45,35,55,40,45,30,39,25,48,30,43,44,35,40,61,30,45,50,58,62,45,35,40,55,44,50,43,48,44,40,60,39,43,52,46,63,61,41,36,43,40,29,43,44,32,42,26,26,28,31,25,27,69
E02001748,4382,47,51,56,56,39,55,59,58,44,68,59,44,60,61,51,68,45,51,50,36,25,41,46,40,40,30,54,51,51,72,68,71,71,73,71,81,76,66,71,66,68,64,86,61,74,69,59,64,60,74,84,64,76,50,74,53,40,45,55,50,55,50,45,35,50,45,35,50,40,35,30,35,44,49,40,25,23,25,20,10,15,15,20,15,10,15,5,5,10,5,34
E02001749,3277,23,25,35,25,34,35,25,25,20,45,25,35,30,25,45,25,30,41,35,21,20,25,20,35,45,25,35,40,35,39,35,30,40,30,35,50,40,46,61,35,45,40,45,35,35,40,44,40,44,40,30,40,45,30,49,63,45,44,55,56,54,56,57,40,40,39,55,45,35,30,44,57,52,59,62,24,32,25,25,24,20,20,10,24,15,25,20,20,14,23,41
E02001750,3520,23,25,30,40,44,30,25,35,39,35,40,40,40,35,35,35,40,40,30,26,20,30,15,25,20,25,30,25,35,30,30,35,40,35,30,45,40,52,56,45,49,39,60,46,49,40,45,52,45,45,60,60,45,35,50,50,53,44,61,45,45,50,39,55,45,40,50,50,44,44,38,45,51,58,62,37,30,30,35,29,31,38,29,37,21,25,24,14,23,17,61
E02001751,3468,37,30,40,40,44,35,39,39,43,45,30,30,35,40,30,39,35,30,25,26,25,36,20,31,45,47,34,45,51,48,50,30,52,54,50,40,50,46,40,56,54,54,55,30,49,39,43,39,44,44,45,50,50,63,54,53,50,39,40,55,40,35,47,56,43,40,40,35,40,56,39,25,36,30,35,37,30,19,20,23,10,25,15,20,16,24,19,8,16,18,59
E02001752,3377,32,35,35,35,35,45,43,39,39,49,50,40,50,61,45,39,34,46,48,37,25,25,36,36,35,39,34,40,47,34,45,46,63,50,55,46,51,63,41,57,50,35,40,35,39,50,43,43,54,53,40,60,46,40,50,45,44,39,36,35,39,25,35,35,29,43,20,30,40,39,25,30,29,25,35,33,41,25,20,19,15,30,15,24,19,16,14,16,9,6,14
E02001753,3209,18,25,15,25,30,35,30,25,30,40,30,40,25,30,30,20,20,30,25,20,20,15,20,20,30,20,40,45,35,34,25,51,20,40,40,20,35,50,45,50,50,50,45,45,35,45,44,40,45,55,55,45,40,40,30,40,55,59,51,45,45,35,49,50,35,59,40,50,35,39,35,61,40,39,72,40,35,34,29,20,30,20,24,19,26,15,19,21,18,14,49
E02001754,2982,31,25,25,20,20,15,20,25,35,20,20,25,25,25,25,30,15,31,25,15,10,20,25,30,25,29,25,35,30,35,48,30,41,30,55,35,51,35,40,40,45,40,30,30,35,40,40,44,30,40,45,50,40,35,40,50,55,55,45,35,50,50,44,45,45,45,50,45,35,30,35,30,30,39,29,30,35,34,35,30,20,24,19,24,20,20,20,15,18,11,60
E02001755,5037,46,61,71,66,67,74,57,59,45,65,45,55,60,55,50,45,60,45,35,36,25,41,35,46,40,61,48,50,71,73,78,77,72,74,70,92,87,88,65,70,82,80,65,66,45,54,69,78,64,73,65,70,61,89,69,64,73,73,66,70,76,60,59,60,54,54,64,50,55,45,44,51,51,45,51,33,37,35,46,33,26,19,29,28,26,20,14,22,13,21,80
E02001756,4822,46,51,56,67,57,55,57,63,50,50,39,59,45,70,51,48,49,40,35,31,29,47,36,46,61,67,77,71,66,87,97,97,103,75,90,82,92,88,81,76,73,65,55,65,55,55,54,54,49,49,59,50,70,72,55,70,52,71,64,71,55,61,54,70,54,59,34,50,35,49,39,35,25,44,50,33,24,34,18,29,21,25,25,20,27,15,20,22,10,17,73
E02001757,3062,19,30,30,25,30,35,25,25,25,25,20,25,30,25,20,30,35,35,20,5,25,20,20,30,25,35,28,35,47,25,35,40,35,35,40,30,35,36,45,35,25,40,30,25,40,30,44,40,35,35,45,35,50,51,54,50,67,58,51,50,61,50,44,55,40,30,45,50,45,30,49,36,46,40,62,34,26,30,30,20,21,20,19,23,27,15,15,20,12,9,33
E02001758,2924,24,20,30,20,24,35,28,24,43,30,39,40,40,25,41,27,34,20,25,20,23,32,26,26,30,41,24,25,25,29,35,41,30,39,46,41,46,40,35,51,43,35,40,35,25,30,35,44,35,39,40,30,30,51,38,35,44,44,30,41,30,35,57,56,48,39,49,39,61,43,40,50,36,30,47,32,32,25,25,14,26,15,15,15,12,0,9,6,0,0,20
E02001759,3052,30,25,25,35,30,20,34,25,25,30,25,20,15,25,35,25,25,35,30,21,20,15,31,31,41,39,43,40,41,58,45,45,45,50,50,46,67,41,35,35,40,45,30,20,30,55,39,34,30,35,25,35,45,35,40,40,44,55,46,41,51,50,44,50,25,40,30,45,30,34,48,40,25,40,35,30,31,25,20,20,21,20,29,14,20,20,15,15,12,10,46
E02001760,4113,50,51,50,55,44,60,68,54,54,59,57,59,66,61,50,49,55,51,49,37,47,49,43,62,71,58,65,60,62,68,55,62,62,65,86,70,51,67,55,45,59,55,39,51,45,45,45,54,48,53,60,60,55,63,53,64,65,49,46,67,40,45,44,49,54,45,40,25,20,30,25,25,14,30,25,24,20,29,24,24,4,15,5,9,19,10,10,3,0,12,36
E02001761,2847,21,20,20,20,24,20,28,29,29,30,20,30,20,20,30,33,25,32,34,32,24,21,20,32,25,28,28,40,35,30,25,30,36,44,45,42,41,35,30,46,35,45,30,20,30,25,25,25,35,34,40,35,30,46,49,30,53,44,41,36,39,46,30,40,39,39,50,35,40,35,30,36,46,44,35,33,20,30,41,24,32,19,24,13,29,18,17,17,15,8,41
E02001762,3455,39,31,41,40,39,48,39,33,43,34,25,40,46,20,30,39,35,30,20,15,25,20,31,41,44,49,68,62,61,63,59,62,56,54,56,61,57,46,51,51,40,35,35,25,35,40,24,30,39,34,35,40,46,40,45,40,45,49,61,72,55,51,62,48,50,55,40,60,55,39,30,34,25,49,40,40,20,25,15,15,9,30,20,14,10,5,5,5,6,5,24
E02001763,3229,30,30,25,35,20,30,25,35,44,25,40,40,45,30,40,34,30,35,40,32,35,25,30,41,41,53,35,56,45,48,50,40,40,40,35,40,50,47,30,35,45,40,35,50,40,50,30,48,39,39,59,50,39,40,59,54,50,44,51,56,50,45,39,39,50,39,45,30,40,43,29,30,35,35,25,20,26,20,25,15,26,5,14,14,19,15,14,10,10,0,23
E02001764,3737,27,41,46,20,49,40,34,34,30,40,30,40,45,50,40,35,35,35,40,30,45,30,45,45,55,54,59,55,56,53,60,50,61,63,50,60,50,40,45,50,54,64,50,35,35,25,35,44,50,79,54,45,64,55,55,59,64,40,61,65,35,56,57,40,49,54,40,40,40,39,43,39,45,29,34,30,30,29,5,15,8,30,20,10,10,14,19,5,18,15,39
E02001765,3893,28,35,45,46,43,40,35,38,44,49,59,40,40,50,46,44,39,30,50,48,30,42,30,47,45,53,44,40,61,72,73,51,77,77,77,61,72,67,61,56,63,68,55,51,45,45,49,57,44,44,49,60,44,35,49,30,40,58,61,51,40,40,47,50,35,35,55,40,50,29,30,30,29,35,36,29,26,35,24,20,10,25,10,19,16,15,22,10,6,5,57
E02001766,3540,32,25,35,35,34,45,35,39,53,40,44,35,35,40,35,39,49,35,35,25,40,41,52,52,77,48,44,60,60,58,54,55,50,54,60,72,55,50,51,56,55,54,55,45,49,50,45,49,45,50,40,40,46,56,50,50,59,45,50,40,55,51,55,35,45,49,40,30,29,29,15,25,25,30,35,19,15,20,15,15,15,10,10,23,10,4,5,0,6,0,18
E02001767,3529,33,30,35,35,25,40,39,35,40,40,40,35,30,40,30,45,40,25,35,20,29,40,30,40,40,44,34,35,35,58,60,67,50,50,55,50,45,45,40,45,45,60,45,30,25,40,45,48,45,60,50,40,50,50,55,65,64,40,54,70,51,55,34,45,35,55,44,40,35,35,35,39,40,30,30,25,25,34,28,20,21,20,33,23,27,20,23,5,16,5,36
E02001768,3987,40,30,41,40,35,46,30,56,32,48,49,53,39,49,74,37,35,47,47,42,32,44,43,51,50,46,48,50,30,45,36,42,50,50,60,50,58,64,49,45,67,86,52,59,56,37,46,53,51,42,73,55,54,60,35,58,55,54,66,55,66,61,66,39,58,51,45,65,46,41,34,41,45,34,40,37,33,29,34,25,20,12,20,26,12,20,9,10,6,5,30
E02001769,3605,43,41,35,45,40,30,37,29,35,40,40,35,40,30,20,30,35,30,44,40,40,25,46,39,55,49,56,60,55,55,71,62,67,74,59,55,40,45,58,50,46,40,46,46,51,25,46,40,35,50,50,50,60,45,40,45,40,49,40,45,60,45,55,50,45,45,35,44,44,35,43,35,40,25,35,25,24,20,35,20,20,15,15,15,24,14,0,5,10,18,40
E02001770,3098,29,15,30,25,20,30,15,30,25,25,25,30,25,20,20,25,25,25,30,20,25,15,41,30,35,45,35,40,40,40,50,40,35,30,40,40,45,30,35,50,35,44,30,40,25,40,35,30,50,30,39,35,40,49,55,40,65,58,50,55,55,65,60,56,39,40,40,45,35,35,35,46,25,40,35,36,20,29,35,31,10,10,24,20,20,15,15,20,15,12,60
E02001771,3281,20,26,29,35,49,41,37,35,30,42,25,54,40,30,36,29,30,41,29,30,16,30,30,25,31,39,25,35,36,35,25,39,39,40,49,50,40,45,30,25,45,40,46,25,30,25,40,30,40,41,29,40,44,45,49,40,50,48,50,45,50,44,50,55,44,35,40,43,52,30,42,35,35,30,45,35,39,32,36,29,26,32,25,30,15,24,21,24,19,23,67
E02001772,2540,28,30,25,20,20,15,20,25,25,15,35,30,20,35,25,25,25,15,20,25,20,30,35,25,30,15,30,25,25,35,30,20,30,35,30,35,25,29,44,25,30,20,35,30,25,35,20,25,30,35,49,40,35,30,30,40,35,30,45,40,55,30,30,39,35,30,25,35,31,24,34,36,25,29,25,34,34,20,25,20,15,26,24,25,19,10,10,20,15,12,38
E02001773,2721,26,10,25,20,15,30,15,20,30,20,25,25,25,30,30,30,30,20,10,20,20,20,15,35,20,20,25,25,20,20,25,20,24,35,25,35,20,20,35,30,35,30,29,20,36,25,20,25,25,34,30,30,34,30,40,45,55,35,50,40,60,65,35,40,50,62,35,44,30,48,44,35,35,45,45,35,43,29,25,30,19,26,30,25,19,33,21,24,9,18,49
E02001774,2627,16,20,34,36,25,20,20,33,28,37,20,30,25,30,21,25,30,37,29,15,20,25,31,29,25,25,32,40,31,30,41,33,43,45,30,35,30,30,35,25,31,30,30,20,20,33,25,34,36,42,30,25,44,54,49,49,40,30,56,35,40,34,39,35,40,25,35,38,25,30,30,35,30,35,45,31,14,20,20,15,14,6,14,15,20,5,10,0,11,6,31
E02001775,2804,20,25,15,30,25,25,27,37,34,36,40,25,45,40,30,35,40,36,34,35,31,25,20,34,26,34,20,30,30,35,30,25,33,35,35,45,41,40,25,40,35,25,46,35,35,30,30,30,35,35,35,40,39,50,62,45,50,48,50,25,40,30,25,35,25,30,35,35,30,29,35,30,30,45,34,25,20,20,15,10,19,21,20,19,10,15,20,5,10,6,33
E02001776,4610,66,40,49,45,50,62,53,63,43,62,50,54,50,55,51,48,61,40,39,35,51,35,40,48,51,49,62,79,72,65,72,87,77,68,64,76,76,64,69,65,66,63,56,40,50,58,50,49,55,67,66,55,72,60,49,69,75,54,65,60,64,55,55,55,55,57,55,64,50,44,40,44,50,50,45,25,30,33,30,24,30,30,20,27,14,20,20,5,19,6,29
E02001777,3388,45,41,29,36,30,47,27,28,44,31,40,30,40,35,25,29,35,35,25,30,26,35,41,47,53,39,52,50,52,56,51,48,49,48,49,56,52,54,39,44,51,44,52,31,31,38,30,35,36,41,61,44,53,44,48,59,60,48,55,45,43,40,40,40,40,47,25,34,36,30,30,40,25,45,35,42,14,28,20,25,25,10,10,15,22,10,16,10,5,6,51
E02001778,2830,25,36,23,20,25,36,35,15,23,31,34,25,34,20,26,15,30,26,20,24,32,20,31,32,35,41,54,35,46,45,46,41,42,40,40,46,35,40,29,30,41,39,37,20,26,24,20,34,20,37,46,30,39,35,38,48,40,39,45,50,35,35,50,40,34,41,34,28,36,23,24,35,35,39,30,26,24,22,21,20,20,24,20,15,12,19,12,16,12,10,47
E02001779,2727,30,20,29,20,30,36,31,29,20,36,30,25,15,24,26,39,20,36,20,25,41,25,20,34,35,29,30,40,35,30,40,39,42,35,44,35,56,35,35,30,25,25,35,26,31,24,35,39,35,25,31,35,34,40,49,44,40,39,30,40,35,40,40,50,30,35,39,43,20,25,28,35,32,35,29,20,33,24,20,15,15,16,10,5,20,4,21,25,6,5,39
E02001780,3166,27,20,35,30,35,52,44,34,35,36,49,40,20,50,30,39,30,36,33,20,15,30,25,30,25,29,25,40,41,30,51,49,48,35,55,50,41,30,39,45,35,44,36,35,25,34,51,35,35,30,30,40,40,55,39,40,50,40,30,40,51,55,35,51,50,41,40,30,41,30,39,30,60,44,40,35,29,20,35,15,19,27,19,25,19,15,11,19,9,12,28
E02001781,2771,27,15,39,35,39,41,32,38,43,31,35,35,30,34,31,19,30,31,24,25,21,30,32,30,35,35,32,35,52,50,46,61,56,55,40,45,41,35,30,40,25,25,25,30,26,29,30,30,25,32,36,25,35,25,40,58,50,44,45,45,45,35,50,45,35,20,25,34,30,33,20,25,25,25,25,20,10,10,5,15,14,11,10,10,10,15,10,5,0,5,34
E02001782,5337,58,56,83,76,69,56,58,63,63,69,63,73,40,69,66,59,50,52,49,30,42,35,30,40,56,54,62,55,83,76,87,87,74,98,99,86,86,69,68,80,81,54,67,66,45,64,71,54,61,62,54,65,76,80,50,70,84,68,60,85,92,85,64,75,74,56,55,68,45,54,48,56,45,34,55,45,39,42,29,40,30,37,35,20,28,37,23,15,29,30,66
E02001783,3884,64,46,52,78,69,62,74,51,57,54,54,49,49,48,49,55,40,42,46,35,25,44,60,39,52,62,70,65,45,50,83,56,55,78,65,67,52,60,54,60,40,45,46,36,20,42,41,25,39,53,41,50,58,45,44,40,60,58,45,55,40,55,35,45,39,35,34,33,30,24,37,34,25,35,30,21,24,15,20,15,25,24,15,20,10,5,16,15,10,0,19
E02001784,3497,27,30,25,30,40,40,26,39,50,41,35,40,45,40,46,50,45,45,49,20,31,30,40,45,30,35,35,30,45,30,41,49,48,40,30,50,40,40,40,55,30,45,40,40,30,39,40,45,50,51,50,65,54,50,50,65,60,54,50,45,45,40,45,40,30,51,50,40,41,45,42,36,30,29,39,35,34,39,30,30,26,24,24,25,29,20,10,9,5,12,42
E02001785,3917,22,20,30,25,25,30,32,30,44,52,50,40,45,54,46,44,40,45,34,25,30,35,25,30,30,30,25,25,40,45,30,40,35,40,50,45,45,45,35,50,45,40,67,45,35,44,40,59,51,46,45,59,63,60,64,72,65,69,76,50,65,65,65,61,60,55,44,54,57,49,53,51,59,64,65,40,48,48,41,25,30,20,25,36,32,15,21,25,29,12,45
E02001786,3490,30,35,35,40,30,45,43,35,45,35,45,40,45,35,25,35,30,36,30,30,20,35,30,30,45,39,46,35,45,30,50,44,53,50,50,50,55,40,40,35,40,40,41,30,30,25,35,50,30,45,40,45,55,50,64,55,66,82,60,60,50,59,55,39,50,40,55,45,45,35,35,40,30,34,30,25,34,25,25,24,20,25,30,15,15,15,24,14,21,18,29
E02001787,2733,25,15,25,20,10,31,43,29,30,31,35,39,40,35,25,25,25,20,29,24,21,30,30,15,25,20,31,25,31,20,35,20,28,35,44,35,41,35,35,35,35,30,25,25,30,40,30,30,35,46,50,40,43,35,35,40,40,39,40,45,40,30,25,30,35,41,25,39,46,34,34,42,41,57,45,41,27,28,26,20,21,16,19,15,20,10,10,5,5,6,20
E02001788,2986,39,36,30,35,35,25,32,33,25,38,25,20,30,35,31,24,25,30,20,35,38,30,33,25,25,39,32,30,25,30,41,48,32,40,45,45,36,35,39,30,35,40,30,20,30,32,31,49,35,49,47,45,49,35,52,50,35,62,65,45,44,45,45,39,40,52,35,39,34,36,30,30,35,35,40,21,15,24,26,15,24,18,39,20,15,5,10,5,0,5,28
E02001789,3047,18,25,25,20,25,31,20,28,29,32,35,30,44,40,26,25,35,25,32,20,20,20,10,25,20,25,26,25,25,25,20,25,20,15,35,35,40,35,30,25,35,39,46,25,30,36,47,30,36,54,45,40,35,45,38,59,55,53,45,55,45,45,49,51,35,47,30,40,51,39,39,52,45,38,35,49,38,42,41,25,26,29,20,30,33,28,20,20,21,20,50
E02001790,3106,25,25,30,20,25,31,32,24,39,20,40,34,39,40,37,33,30,35,32,30,15,20,31,30,15,20,26,30,31,30,41,39,29,25,35,35,41,25,35,45,35,44,58,30,36,32,52,35,40,54,51,50,47,45,43,40,35,52,40,40,55,40,60,55,49,30,30,44,46,29,35,46,35,39,35,21,24,23,41,15,15,34,30,30,23,20,20,29,14,8,53
E02001791,2816,17,28,20,20,15,20,34,20,25,34,20,20,24,20,20,25,16,20,19,20,15,25,20,30,30,30,30,25,40,35,40,30,30,35,35,25,25,35,25,35,25,35,48,30,20,20,30,35,39,35,35,45,51,40,58,47,66,60,54,39,36,50,41,51,43,45,43,30,20,30,35,30,30,35,41,29,29,29,39,26,23,30,28,25,20,24,23,18,18,10,41
E02001792,3518,34,20,15,15,25,25,20,15,30,30,20,30,25,30,30,35,43,20,29,25,20,30,20,25,30,25,25,35,20,35,35,20,30,30,30,35,30,25,35,40,35,51,40,31,40,35,35,44,57,71,61,40,55,71,56,56,54,76,78,58,61,65,61,55,54,55,39,73,45,45,56,40,45,55,62,35,53,39,30,37,32,33,43,28,29,34,18,34,29,24,74
E02001793,4353,45,39,40,45,55,50,40,55,49,58,56,50,54,55,50,45,51,50,49,45,45,55,45,70,68,60,65,65,60,70,78,75,45,84,70,75,60,70,45,59,55,50,44,45,45,55,50,50,55,60,71,61,50,60,55,71,61,60,70,58,60,45,50,60,50,43,40,25,40,35,25,15,40,30,29,35,25,35,10,31,25,20,30,36,15,18,16,26,19,11,43
E02001794,4702,33,49,61,40,65,59,40,50,48,59,61,55,63,55,45,55,57,55,45,35,45,66,45,65,53,40,60,55,60,55,60,75,85,70,66,55,64,70,45,73,60,45,55,40,55,66,47,50,68,76,70,50,70,60,81,61,80,65,60,64,60,65,50,45,50,45,55,55,45,40,55,30,40,40,35,44,48,35,35,41,29,35,23,31,19,29,26,24,21,12,80
E02001795,3659,38,33,31,31,49,39,35,30,37,39,46,45,41,40,51,35,31,35,33,32,35,36,30,30,49,35,40,35,34,44,54,66,35,64,52,51,54,40,45,54,46,51,49,41,35,35,30,25,44,51,50,41,40,60,56,62,67,66,49,54,57,45,52,61,53,62,53,41,51,35,46,39,46,35,35,35,30,28,23,32,23,30,24,23,15,25,17,4,11,18,24
E02001796,4284,20,40,35,30,25,35,30,45,55,40,30,40,30,40,40,35,40,35,40,52,45,56,55,55,49,45,60,45,55,60,30,45,50,40,50,50,55,45,55,50,40,50,35,35,40,51,41,40,60,45,65,60,45,60,65,70,75,70,84,77,65,75,65,60,60,63,55,55,35,55,55,64,60,60,55,45,49,44,40,40,45,44,25,35,19,19,20,31,24,21,61
E02001797,2960,8,25,30,20,25,20,35,30,34,35,35,25,25,30,25,30,41,30,30,20,20,20,25,30,29,30,35,35,40,20,40,30,30,20,35,25,30,35,46,35,35,35,45,50,30,40,45,40,48,35,55,45,39,30,35,50,40,50,45,55,50,30,40,35,35,30,45,46,50,40,48,35,40,54,51,35,30,39,25,30,13,31,19,20,15,5,15,10,6,10,18
E02001798,4351,42,46,46,48,40,45,50,40,38,46,62,55,38,62,51,50,48,45,46,31,50,40,50,50,59,60,40,40,65,70,60,46,60,55,63,60,58,50,55,59,55,56,35,41,35,40,46,54,68,78,66,80,55,45,87,61,60,55,59,59,77,66,55,65,50,73,55,47,45,48,46,39,46,40,45,30,35,36,25,21,30,24,24,24,31,13,30,12,7,5,53
E02001799,4905,49,55,70,71,55,55,45,50,53,59,60,65,63,65,65,60,50,55,64,45,55,50,50,70,69,55,64,65,75,85,80,65,75,60,60,75,65,45,70,60,85,65,55,55,60,45,50,55,58,64,60,70,66,84,75,70,50,70,49,65,70,45,70,50,45,55,64,62,39,60,55,40,56,35,45,39,25,35,25,25,24,35,30,35,15,30,15,5,12,10,56
E02001800,3429,29,25,25,25,25,35,40,30,34,44,45,50,34,51,40,39,36,45,29,41,30,25,35,30,30,15,40,35,35,30,55,45,35,45,35,45,35,35,56,45,40,57,35,40,40,40,46,35,43,40,45,66,45,60,35,45,45,50,60,35,55,50,50,50,50,60,50,47,55,65,50,50,50,39,70,29,35,30,15,30,30,20,10,15,19,15,5,9,0,6,10
E02001801,2935,32,33,30,26,25,25,34,25,28,33,36,50,42,25,25,35,37,30,24,37,35,46,30,59,58,55,44,69,44,59,50,56,50,65,36,62,53,35,62,29,30,36,35,30,45,30,46,39,43,56,35,39,40,40,24,41,25,35,30,35,25,35,35,35,35,25,25,25,35,30,20,20,15,20,25,10,5,10,5,14,10,5,15,10,15,10,23,0,12,0,23
E02001802,3895,47,49,40,59,65,53,49,49,35,53,51,55,43,60,56,45,46,35,35,35,25,35,35,40,53,45,55,69,49,83,73,71,71,64,78,45,54,55,45,58,51,40,44,50,40,46,35,49,40,50,45,56,55,50,50,61,56,50,50,53,46,40,50,40,59,40,25,35,35,24,41,35,24,30,39,30,25,19,19,20,25,10,24,14,25,10,15,12,12,6,32
E02001803,4060,31,39,25,31,40,40,30,30,24,34,25,30,34,35,25,30,25,40,81,200,228,154,179,128,91,84,59,64,69,69,50,66,60,55,61,65,44,40,50,39,40,30,39,30,25,41,40,35,44,45,35,35,35,50,47,45,62,50,40,34,45,34,40,30,30,30,30,35,29,35,30,35,30,30,40,25,20,25,25,10,15,15,25,20,5,10,6,21,0,0,29
E02001804,3245,19,30,30,30,40,35,35,40,43,43,36,39,25,40,45,30,36,40,30,15,30,20,25,45,39,30,45,35,45,45,45,30,40,64,45,56,45,35,50,25,40,35,39,40,40,36,36,50,39,51,55,40,45,40,45,40,50,54,55,45,50,35,45,35,50,25,45,25,35,35,31,35,35,35,34,29,40,30,15,20,20,15,20,18,25,13,14,15,17,12,42
E02001805,2847,32,25,20,20,20,25,15,20,25,39,15,20,20,25,30,20,25,25,25,15,20,25,25,35,35,30,35,30,40,35,45,30,45,35,35,40,25,40,30,30,25,25,35,19,35,25,25,39,39,40,35,30,45,45,40,45,45,50,35,48,40,59,30,35,55,35,40,31,55,45,25,35,36,34,46,30,20,30,20,25,29,25,19,24,24,27,26,18,12,16,50
E02001806,3791,47,30,40,26,50,35,45,35,40,63,30,50,48,61,51,51,40,56,34,41,55,46,45,35,48,50,60,65,50,64,40,55,55,60,67,60,49,55,57,64,45,40,50,30,35,40,40,45,45,55,45,55,40,45,45,56,35,55,55,64,50,50,56,55,50,40,40,35,40,40,40,30,30,35,46,20,25,28,25,4,19,15,19,20,0,10,16,18,12,12,38
E02001807,4404,51,49,45,51,55,60,59,45,49,72,51,65,54,65,55,50,51,40,30,30,40,40,45,45,50,55,40,40,65,70,60,55,70,84,61,55,60,60,66,69,66,72,68,60,65,62,35,60,59,70,50,50,60,50,60,60,45,60,50,60,55,59,39,60,50,50,45,83,45,48,36,45,52,45,44,35,35,25,30,25,20,20,15,14,20,24,12,5,16,0,33
E02001808,2834,35,25,30,36,45,30,25,40,30,39,25,50,29,35,35,40,30,40,34,36,35,30,30,40,44,30,50,50,25,49,54,40,30,50,61,45,45,35,25,25,30,30,35,40,30,25,20,35,34,45,30,40,35,45,30,30,35,25,25,39,35,35,39,30,30,35,35,30,30,35,20,25,15,20,37,25,20,20,20,10,15,20,15,10,15,15,10,16,12,0,20
E02001809,3339,21,30,15,30,40,40,30,30,39,40,31,35,39,40,35,40,30,35,30,20,35,25,20,25,30,25,30,25,40,30,50,20,30,25,40,45,30,35,35,39,55,44,45,45,25,51,40,40,45,55,45,30,45,35,45,50,54,35,45,35,45,50,50,50,40,55,55,73,60,58,62,63,57,55,68,48,40,33,35,30,15,18,25,20,20,14,10,5,6,12,19
E02001810,4114,43,25,45,35,40,40,30,50,30,44,50,30,39,40,40,55,45,45,35,40,35,30,35,50,35,40,35,40,40,55,40,40,55,55,60,60,60,50,60,45,82,67,55,40,50,45,45,50,53,55,60,55,50,50,60,50,55,50,79,60,71,45,65,55,79,69,54,68,65,78,78,69,68,50,67,45,43,25,30,24,24,15,15,15,15,10,9,5,0,6,20
E02001811,4586,37,43,45,47,60,49,44,35,44,53,56,59,61,68,62,56,57,40,52,37,40,51,45,40,44,35,55,55,50,59,50,66,70,65,83,77,66,50,57,45,61,62,49,56,35,45,72,49,64,60,75,60,75,77,87,57,61,60,68,63,57,61,68,59,64,45,45,52,40,50,51,44,45,54,51,39,39,33,30,37,33,29,24,35,28,25,10,22,17,12,43
E02001812,5079,41,30,30,30,40,35,30,45,40,50,50,45,63,45,61,40,51,55,50,50,35,40,45,50,59,45,45,45,45,45,45,50,55,45,40,55,65,55,35,49,54,67,64,70,55,40,56,55,59,70,70,91,71,80,65,70,65,75,80,95,80,65,101,87,75,75,84,60,80,74,66,74,71,75,104,70,55,40,56,41,54,50,49,50,36,33,34,24,30,28,77
E02001813,5064,53,45,60,60,75,55,60,65,78,64,66,60,50,86,65,70,77,55,64,50,45,50,55,65,71,65,65,74,75,89,93,55,80,75,75,80,75,50,65,50,65,55,40,69,55,66,66,65,72,65,75,86,85,85,80,81,73,80,70,75,45,49,50,50,45,45,35,30,35,35,28,45,45,55,71,45,35,30,34,19,19,24,38,25,25,20,10,9,0,16,34
E02001814,3158,31,25,25,36,25,24,30,29,39,57,35,35,30,35,41,40,25,40,35,20,20,30,30,35,20,35,40,40,30,35,40,40,35,35,30,40,49,35,35,35,46,30,39,47,45,41,46,43,39,46,56,50,55,45,46,52,39,45,50,39,56,50,41,54,49,45,30,40,30,30,30,30,29,30,30,25,20,20,19,20,25,14,19,30,19,15,13,20,12,18,50
E02001815,5059,46,30,20,35,35,45,69,45,45,54,50,55,60,60,71,50,45,60,45,30,35,30,30,60,45,35,50,40,55,45,45,40,50,50,40,35,55,50,70,60,60,61,79,60,55,81,66,55,59,76,70,60,60,75,60,55,75,81,89,103,65,97,81,116,80,94,89,99,70,60,81,85,81,85,93,68,50,50,44,44,30,35,34,25,29,25,25,15,18,6,35
E02001816,3628,29,30,30,41,30,35,35,40,39,44,30,35,30,35,45,30,40,30,25,25,35,30,35,30,53,40,40,60,50,60,45,45,40,50,45,45,35,60,45,34,40,30,40,30,30,52,30,35,49,35,45,45,40,40,50,50,50,59,60,50,55,55,60,50,69,54,45,47,44,53,41,58,51,35,51,30,34,35,30,26,29,31,24,25,13,15,21,31,12,27,62
E02001817,3511,43,44,30,35,40,40,40,50,35,35,35,30,48,30,40,30,35,40,29,36,30,15,45,30,44,40,40,35,50,50,59,46,45,45,56,40,59,50,50,35,35,57,30,40,30,30,29,40,40,40,61,51,45,45,40,51,51,50,40,53,40,29,45,66,45,50,30,46,45,50,29,35,39,30,41,30,39,35,41,20,19,20,25,24,19,23,26,20,6,17,60
E02001818,4978,38,53,46,51,59,54,59,64,63,58,67,59,67,60,63,71,62,55,45,35,25,30,65,50,53,55,54,65,74,74,69,81,60,94,77,60,79,76,76,58,81,89,77,45,71,63,57,54,59,76,76,76,71,71,71,55,71,81,60,71,76,60,83,60,65,55,55,47,50,34,30,33,34,35,44,40,29,35,24,29,25,30,24,30,25,19,20,17,25,18,48
E02001819,3580,22,20,20,25,20,35,25,35,30,44,35,35,40,20,25,30,30,30,35,20,15,25,30,40,30,30,40,45,35,30,30,45,25,30,50,30,35,40,35,39,45,41,50,35,25,35,41,35,45,35,71,50,40,40,50,55,60,50,55,64,55,56,50,50,63,50,55,56,60,65,56,59,56,60,62,55,54,34,41,41,40,51,25,39,20,24,14,19,18,18,57
E02001820,4893,47,53,60,56,60,54,64,55,39,59,57,55,54,55,78,45,89,45,59,35,45,35,45,50,40,60,60,74,65,64,65,77,60,65,71,91,70,65,70,73,55,55,69,65,55,45,61,60,76,75,70,71,60,80,76,65,64,74,69,74,55,60,61,65,55,45,65,40,40,44,46,45,50,50,55,25,45,35,25,35,35,24,25,29,30,24,27,9,6,12,48
E02001821,2932,19,25,25,30,20,30,25,25,25,25,36,20,30,40,25,25,25,35,40,30,15,20,25,30,30,30,40,20,35,35,40,25,35,35,35,40,40,35,30,25,35,35,30,35,30,46,25,35,25,35,55,50,50,61,60,46,61,60,54,47,45,60,51,45,50,39,30,30,30,49,36,39,41,35,46,20,20,10,20,25,15,20,24,9,25,15,10,11,0,12,20
E02001822,3969,35,34,25,30,35,35,35,25,43,30,30,45,47,35,41,45,41,25,47,42,35,45,40,40,44,40,45,60,44,59,49,50,45,55,61,50,40,50,50,49,40,45,45,40,45,61,51,50,54,49,81,61,77,45,77,56,66,66,64,73,56,55,55,65,69,45,50,41,44,40,51,45,46,50,43,30,30,29,25,29,23,25,24,20,20,20,16,15,19,6,61
E02001823,4100,46,59,55,43,50,49,40,40,30,49,67,45,44,51,46,40,36,45,40,30,35,35,50,25,40,50,50,54,74,78,64,56,70,55,62,66,69,50,60,54,55,52,53,45,56,51,40,39,39,62,66,50,55,60,66,62,55,60,64,54,73,50,34,45,40,45,40,51,45,55,39,40,38,54,40,24,30,25,30,14,20,20,15,18,8,24,20,24,12,7,34
E02001824,4515,35,48,46,42,35,54,44,53,42,54,56,49,61,51,56,45,42,50,46,36,35,56,40,25,44,50,45,59,50,60,55,55,50,55,56,50,48,55,61,54,55,50,39,55,35,50,46,49,54,50,55,55,70,60,61,68,87,70,65,64,56,55,55,65,67,45,54,49,60,45,56,59,45,79,56,53,39,48,41,41,28,30,42,48,30,25,22,12,36,18,70
E02001825,3944,41,29,30,25,30,34,35,40,39,30,40,45,43,45,20,45,25,35,34,20,25,35,45,35,49,40,59,59,49,59,59,61,45,35,35,30,44,40,45,40,50,46,49,30,30,40,40,43,40,45,66,66,55,60,66,52,60,55,50,61,68,71,51,56,45,44,49,52,50,43,52,49,63,55,67,45,40,48,49,31,29,30,37,36,26,29,27,18,18,33,55
E02001826,3784,47,43,40,43,45,53,62,43,57,43,46,54,48,40,41,50,36,40,29,32,35,35,30,40,48,40,53,60,59,63,64,62,71,64,57,30,66,55,51,57,35,58,49,40,45,58,35,30,39,45,62,40,40,56,62,40,51,35,45,53,41,66,50,55,38,35,45,25,45,40,35,35,46,40,36,30,25,25,24,26,24,26,24,5,20,15,10,12,6,6,24
E02002483,5361,47,68,56,44,73,62,56,58,67,66,71,66,78,70,55,75,63,68,55,34,41,45,36,68,73,68,71,55,72,77,70,72,82,83,71,66,74,78,73,70,79,88,67,68,68,60,68,53,81,84,97,85,93,83,65,81,66,61,68,55,80,50,56,63,45,45,56,56,49,68,61,60,50,60,45,35,38,30,30,34,32,46,28,52,34,15,20,16,10,11,39
E02002484,5253,60,79,78,63,59,61,62,64,64,67,60,66,50,60,65,69,54,67,59,49,73,60,69,56,72,59,78,60,66,66,75,76,75,93,70,67,65,65,64,59,69,55,55,49,51,61,56,53,55,65,80,50,67,78,80,66,70,98,79,89,70,65,82,60,63,60,58,50,58,62,44,50,39,43,56,35,34,20,19,15,38,29,28,32,25,27,25,17,16,21,62
E02002485,4241,43,56,51,40,59,68,51,49,54,55,61,66,52,56,45,45,54,62,53,34,35,55,58,41,36,40,57,60,50,60,65,73,55,60,65,57,59,60,45,45,40,40,48,44,31,45,51,53,50,44,60,60,55,62,69,66,61,62,63,60,60,45,65,53,39,45,42,40,30,39,30,50,51,50,55,37,29,41,25,31,16,21,31,22,10,22,10,16,10,12,20
E02002489,3657,40,25,25,25,40,30,30,40,50,50,51,50,35,55,45,45,49,55,39,67,89,69,58,74,35,40,30,45,45,46,40,45,50,45,60,51,50,40,44,50,50,35,45,40,37,35,35,25,45,35,50,40,49,44,45,67,51,47,64,50,48,30,45,40,45,34,41,35,44,35,30,30,34,35,30,35,25,15,20,24,16,19,15,19,16,21,21,10,16,23,65
E02002490,2931,30,31,40,39,35,41,35,44,39,41,46,30,31,30,36,40,35,31,20,29,25,30,37,25,36,40,40,40,41,40,40,40,50,44,46,35,50,40,34,40,30,35,20,30,20,30,35,26,30,35,51,35,44,40,54,47,40,42,48,49,45,60,45,35,35,40,30,25,43,34,25,30,30,30,34,25,24,15,10,19,16,5,9,14,5,5,0,0,5,6,15
E02002491,3399,23,25,36,30,25,41,35,43,39,41,51,45,35,45,56,45,44,42,29,30,15,40,48,37,46,30,42,45,40,40,35,47,35,50,50,46,35,44,34,51,40,40,25,25,47,20,31,37,40,45,40,45,48,58,44,51,66,52,39,49,65,30,35,49,38,54,41,36,34,34,29,35,35,19,35,25,28,15,35,31,28,30,15,24,32,15,30,32,17,11,50
E02002492,3539,37,36,41,35,35,30,41,45,44,40,56,45,52,46,30,40,34,35,29,25,20,40,38,30,35,40,30,45,40,41,50,52,50,45,61,35,45,54,35,40,45,40,52,39,42,30,36,38,35,35,45,45,44,54,55,53,56,57,58,55,70,50,61,45,40,45,40,30,35,30,34,54,52,45,36,20,28,37,15,29,5,30,15,31,21,20,19,10,11,10,55
E02002493,3497,25,36,31,35,40,36,31,35,35,30,25,46,36,40,46,35,44,20,25,20,20,30,49,20,41,35,36,46,46,40,50,30,45,35,45,41,30,30,35,45,35,40,35,30,30,25,20,37,40,49,40,45,53,50,59,68,50,51,64,65,60,45,55,35,60,35,57,41,47,65,43,55,52,55,63,39,28,35,35,30,38,25,22,30,26,14,25,14,10,6,46
E02002494,4117,43,51,57,68,53,45,50,55,59,73,50,61,57,66,45,70,53,57,44,47,43,40,53,58,62,48,62,61,51,71,65,78,55,60,55,78,50,50,54,55,40,40,46,40,41,45,25,41,50,45,55,50,58,58,65,46,50,62,58,55,40,59,45,44,39,45,53,30,28,25,34,25,30,40,25,35,29,26,25,15,18,20,19,23,27,15,15,4,18,12,31
E02002496,5142,65,65,70,60,83,65,59,55,55,70,75,55,50,55,55,65,55,73,82,174,194,259,199,153,145,109,121,108,75,84,74,65,79,74,80,76,86,70,50,76,65,65,50,55,45,56,50,61,40,47,40,55,40,55,40,50,45,35,35,30,30,45,24,30,50,30,29,20,15,29,25,20,35,20,15,25,10,15,5,10,5,9,10,15,15,10,18,6,12,16,22
E02002497,3073,38,30,40,45,45,49,44,50,60,55,56,46,30,35,55,45,36,30,30,42,36,45,54,43,53,49,40,53,45,45,54,40,50,68,55,30,56,70,51,25,41,25,46,30,20,41,30,40,30,32,35,30,35,50,40,30,30,30,41,40,25,25,40,20,35,35,30,35,15,28,24,19,29,20,25,15,15,14,10,10,10,3,9,5,20,5,0,6,0,8,19
E02002498,3814,51,61,65,60,50,55,63,45,55,60,60,65,40,60,50,40,40,35,35,50,66,85,84,92,91,83,98,78,60,70,60,75,59,64,55,78,66,55,55,54,50,58,56,34,25,35,40,30,40,31,45,40,45,30,30,35,30,30,30,50,45,30,40,31,35,36,30,25,35,15,34,10,10,25,15,11,19,15,15,10,10,12,15,20,10,0,6,4,4,0,15
E02002499,4053,67,70,55,70,55,69,50,55,60,85,77,55,60,40,65,60,51,61,57,56,35,40,55,63,57,50,61,62,65,74,74,55,49,69,75,51,71,65,40,35,52,50,50,35,41,45,40,35,35,43,35,45,50,45,59,50,54,65,57,55,60,39,40,60,39,45,40,35,39,19,20,24,25,20,30,15,10,20,15,10,15,15,15,10,14,10,10,0,12,0,42
E02002500,2927,41,35,35,40,45,30,45,45,45,50,46,45,40,25,35,35,30,36,25,25,41,45,50,44,39,25,40,45,35,45,30,45,50,59,50,35,50,40,30,30,30,45,30,35,31,31,25,35,30,42,46,40,30,25,40,50,35,40,52,20,40,30,35,40,40,30,25,25,30,30,25,20,25,15,25,20,10,10,20,15,10,10,10,4,19,14,12,6,6,6,27
E02002501,3232,39,30,46,35,49,49,43,64,50,40,56,41,40,44,50,45,41,30,31,21,36,45,35,34,42,50,45,47,39,39,40,51,45,53,62,57,51,54,57,43,52,35,46,35,48,47,35,35,30,31,31,35,40,30,34,44,58,35,46,40,45,57,35,41,35,29,40,31,29,29,24,29,15,20,25,15,25,15,15,10,5,17,10,15,5,14,12,12,0,0,22
E02002502,5079,62,66,61,69,87,78,55,60,80,70,61,76,75,78,71,60,66,67,63,50,45,55,50,71,54,65,55,70,83,65,69,70,79,65,81,61,75,65,87,46,67,68,45,50,46,41,45,55,60,53,65,60,54,81,60,78,70,69,78,82,55,62,55,66,75,66,64,45,45,40,45,35,44,30,48,40,35,20,27,30,32,35,25,23,27,15,23,22,16,7,34
E02002503,3655,51,50,51,45,49,44,62,50,65,50,56,57,58,55,67,45,52,52,43,20,30,30,44,42,56,54,50,52,57,50,57,50,59,54,35,58,61,67,69,54,41,44,52,25,43,43,41,42,40,58,46,51,35,51,41,48,45,53,35,69,55,35,49,25,45,40,35,35,29,36,29,25,20,29,20,21,10,26,15,10,13,18,10,15,10,12,12,6,6,0,10
E02002504,4894,48,55,56,60,59,54,70,60,70,50,55,66,60,83,55,65,67,62,56,56,51,55,50,67,58,69,66,61,78,83,64,76,63,73,90,87,71,60,51,48,63,72,55,45,45,68,45,51,55,65,57,66,60,85,76,64,65,55,62,55,60,60,69,59,45,61,35,51,49,50,48,50,45,35,34,29,34,30,41,30,30,20,15,29,25,30,12,12,22,8,39
E02002505,3448,42,55,40,55,50,50,49,70,60,45,78,45,50,40,45,45,35,41,41,36,35,40,35,53,58,40,61,40,73,59,59,60,55,50,55,51,55,50,40,35,36,50,45,29,25,25,35,40,25,44,51,50,40,49,66,30,45,54,35,40,40,40,30,51,35,35,45,34,25,30,25,25,25,15,18,20,15,5,15,10,10,10,5,15,10,10,12,6,4,8,30
E02002506,2883,24,25,25,25,35,45,44,40,35,35,41,50,35,35,35,45,36,47,43,31,25,35,35,39,38,45,40,46,39,39,45,50,49,45,46,36,34,35,30,37,35,30,30,25,38,32,30,20,35,40,47,35,45,35,52,29,44,30,52,47,30,29,35,36,25,25,20,25,30,15,25,25,20,19,36,15,15,15,25,15,5,29,15,15,18,16,6,0,12,8,29
E02002507,3208,33,35,30,44,39,20,40,40,44,45,46,36,40,39,30,30,52,36,49,32,20,30,29,29,33,30,45,40,43,34,40,30,45,49,35,41,46,35,42,43,41,35,40,30,31,32,36,30,43,41,46,36,44,40,46,44,50,49,47,36,45,46,35,41,35,35,44,35,24,30,35,20,39,25,42,43,29,27,25,31,32,28,26,24,14,6,18,16,11,11,40
E02002508,2840,35,25,35,25,40,35,30,30,35,25,35,40,25,30,25,35,31,36,30,25,15,15,30,30,38,15,30,42,35,40,40,30,30,40,30,41,30,25,36,32,31,30,36,30,27,31,30,37,30,27,36,30,25,40,35,35,44,39,37,36,49,46,49,46,25,30,40,31,34,31,28,20,28,31,35,41,20,37,20,25,26,28,25,33,23,21,17,16,6,15,47
E02002509,2777,29,30,30,30,35,25,40,35,35,35,35,30,35,25,35,40,30,30,20,25,25,30,30,30,25,35,45,36,45,35,40,35,45,35,40,36,30,25,30,38,30,40,30,10,20,20,20,15,35,26,35,30,30,30,30,35,44,50,51,45,50,40,40,40,63,36,35,30,25,30,38,40,24,37,20,5,20,20,9,25,15,6,20,15,24,20,18,24,20,8,35
E02002510,3743,45,31,41,29,49,39,29,44,40,40,36,40,30,35,26,35,30,26,21,15,30,20,30,29,34,39,61,66,49,49,49,61,54,44,56,67,51,54,51,37,52,48,46,41,26,42,36,31,44,41,41,40,45,40,35,53,45,59,46,62,50,47,45,41,35,47,45,50,39,47,44,58,52,63,62,51,47,32,53,36,26,33,35,38,24,29,23,23,12,23,48
E02002512,2737,17,20,25,40,15,20,25,25,25,35,25,20,30,34,25,45,25,31,25,15,26,15,10,29,25,24,20,26,20,25,15,35,25,25,35,30,25,30,20,36,30,25,25,25,20,47,30,30,30,53,47,35,49,35,30,48,40,44,42,41,54,51,45,51,45,32,57,31,38,35,29,35,44,36,35,36,15,32,25,30,30,9,37,15,18,21,18,22,18,16,33
E02002513,5309,58,60,50,70,55,40,55,55,70,65,55,70,55,64,60,51,62,50,46,35,45,50,50,64,74,70,65,97,89,93,79,75,89,80,80,71,65,65,55,80,60,50,60,65,57,46,55,71,69,57,70,65,60,65,65,70,60,65,66,76,60,65,79,82,85,70,60,66,78,61,59,79,45,60,65,40,41,25,30,45,30,27,25,25,23,31,16,23,16,16,68
E02002514,4435,31,30,30,35,35,50,40,40,45,55,56,40,50,50,55,45,50,51,48,25,35,30,40,40,49,35,35,40,50,55,35,55,55,50,40,51,55,55,61,64,50,55,56,40,65,51,50,55,64,69,51,66,60,79,65,60,74,79,84,71,55,71,70,84,64,67,60,56,68,50,54,50,40,61,60,48,45,29,46,30,29,35,24,29,25,15,23,17,14,8,73
E02002515,3296,15,35,35,31,31,32,35,24,35,35,34,41,39,35,36,35,30,30,37,31,35,39,39,39,36,47,34,39,40,45,34,42,40,35,25,51,35,35,30,46,37,20,42,48,43,25,43,41,35,57,48,35,63,58,51,56,66,55,51,50,40,53,50,40,35,38,32,46,35,25,20,30,40,35,40,30,20,25,20,24,21,24,24,24,15,24,17,20,12,24,67
E02002516,3012,33,46,35,50,40,30,35,25,30,41,30,35,43,25,46,40,30,35,27,20,25,20,20,29,36,38,34,39,40,56,44,58,51,41,35,45,51,35,41,35,37,50,20,30,20,25,25,30,40,35,35,40,36,45,45,56,45,54,45,45,35,35,35,35,30,30,30,30,20,25,35,35,30,35,35,34,30,20,20,19,19,23,14,19,15,5,21,16,6,10,39
E02002517,2720,37,35,25,30,30,37,34,35,30,25,30,25,15,40,20,30,35,25,32,15,36,30,34,45,30,30,25,35,40,45,34,37,35,36,25,25,45,35,15,35,25,25,42,35,25,20,20,40,25,41,25,35,42,41,40,56,45,45,35,40,45,49,35,35,35,30,25,25,40,24,25,34,25,39,30,25,25,15,15,23,10,24,19,14,15,19,11,17,7,6,20
E02002518,5573,45,45,45,40,60,63,60,60,55,45,64,50,59,60,50,45,55,50,45,45,45,39,50,49,55,36,60,55,70,61,65,64,76,83,76,65,71,81,50,50,66,55,61,55,50,60,50,75,55,88,100,90,87,75,75,101,95,95,116,81,95,80,80,91,80,80,66,70,75,75,45,73,75,79,75,69,69,50,43,30,44,39,35,30,46,35,31,29,24,12,76
E02002519,3914,23,47,51,35,35,49,49,45,51,41,54,46,49,57,45,40,35,46,42,37,25,30,40,34,30,32,44,39,45,45,45,54,56,40,61,51,45,40,30,56,54,55,50,40,35,44,41,46,58,52,40,45,56,34,60,51,75,40,62,45,54,44,50,52,45,53,46,61,59,51,51,44,54,53,45,44,34,42,49,32,31,24,36,34,23,24,12,5,6,10,44
E02002520,6826,46,50,56,50,45,50,45,55,77,77,68,75,64,76,71,79,71,61,63,51,50,54,54,54,51,80,55,44,65,50,59,83,60,88,60,82,70,75,87,76,72,89,61,79,69,78,81,76,74,98,105,101,92,119,99,96,105,119,106,123,95,84,90,102,75,88,70,112,99,86,86,110,106,108,140,93,95,92,89,64,60,63,74,54,63,39,30,36,35,40,79
E02002521,3014,5,15,15,25,20,25,25,25,25,10,25,35,20,35,25,25,25,35,31,15,15,20,15,20,30,21,20,15,10,20,25,25,25,20,35,25,25,25,30,40,41,45,25,30,30,43,36,40,40,36,30,50,46,50,65,40,45,40,59,55,45,54,50,40,54,44,51,44,50,30,51,48,45,40,54,35,30,39,43,52,35,29,24,30,31,24,20,20,37,18,79
E02002523,3300,35,46,55,56,82,47,58,59,50,56,76,51,48,47,45,60,36,41,42,32,35,48,44,44,40,47,44,39,54,55,59,47,40,57,56,56,60,46,40,51,48,35,31,30,15,45,31,30,35,46,40,50,40,45,45,50,45,35,35,35,30,34,35,40,35,25,20,25,28,30,29,20,15,20,15,14,15,24,13,14,15,0,10,10,5,10,0,0,0,0,19
E02002524,2749,18,26,30,25,20,33,25,25,25,47,25,35,28,41,35,40,15,15,31,22,15,34,28,20,42,31,25,29,30,41,39,20,25,25,35,25,30,25,25,31,43,40,27,25,25,30,26,30,35,30,38,47,30,40,50,46,50,35,45,50,40,44,40,31,30,39,32,36,35,30,41,30,40,35,51,44,30,27,25,23,15,23,27,5,26,20,12,6,5,6,23
E02002525,4225,40,35,35,40,30,38,35,45,45,51,55,35,34,39,45,45,40,46,31,31,55,25,30,45,50,41,35,50,45,40,59,38,45,51,55,45,46,45,35,62,52,55,50,35,35,45,52,45,54,45,58,50,60,72,65,61,55,74,59,65,60,77,75,82,75,67,55,61,65,50,40,39,60,48,59,55,40,50,35,43,47,34,25,34,26,24,28,11,20,4,57
E02002526,3951,22,41,35,46,46,30,35,49,45,53,58,40,48,51,56,45,45,42,36,32,30,35,34,53,40,41,59,38,30,56,45,49,46,42,31,55,56,45,45,40,42,49,56,40,45,40,25,46,73,62,67,56,46,50,60,67,65,59,50,71,70,63,65,67,59,35,52,45,69,51,46,53,50,44,55,44,35,35,25,25,15,33,19,15,15,9,10,10,5,0,38
E02002527,2581,28,25,46,35,30,28,35,34,41,41,30,35,33,25,30,25,36,21,26,32,26,34,20,30,41,26,20,35,30,30,44,33,35,25,25,30,30,25,31,36,20,25,32,20,20,35,31,25,39,25,39,41,30,30,35,35,40,40,46,30,34,40,35,36,20,30,25,25,25,35,30,29,35,30,35,20,25,19,15,18,15,19,10,15,10,10,10,0,6,12,33
E02002529,2927,30,26,30,36,35,20,30,20,31,35,39,36,35,30,30,35,30,46,26,32,20,40,38,25,36,42,35,34,30,30,25,24,35,35,25,35,36,30,31,40,31,35,36,25,20,25,30,35,30,41,48,40,57,50,45,40,45,35,45,56,45,53,35,41,39,40,25,30,45,30,40,43,39,39,38,30,29,31,15,32,20,28,24,10,15,10,10,3,5,12,24
E02002530,3121,20,25,15,20,40,30,30,30,25,35,30,30,35,20,25,40,35,30,31,25,30,20,29,35,41,26,30,39,30,35,40,34,29,30,30,45,35,29,41,25,21,45,25,40,35,35,30,35,34,30,67,45,58,62,45,63,50,30,55,72,40,44,40,40,40,44,40,40,45,46,46,58,39,43,59,39,35,40,30,24,19,19,30,25,5,15,10,15,6,16,28
E02002532,3518,29,30,35,30,40,42,40,44,30,41,34,35,20,40,40,45,25,41,32,20,36,35,35,25,36,43,48,34,55,56,54,37,40,46,30,35,45,30,36,40,32,45,47,40,35,34,37,51,48,41,53,36,53,68,76,58,56,50,50,45,45,43,45,41,49,44,52,41,40,36,40,39,34,44,55,20,36,27,30,42,21,24,20,29,21,24,21,17,21,6,67
E02002533,3403,36,25,41,35,26,34,35,40,46,41,48,30,43,25,46,40,25,37,25,31,20,20,20,29,35,20,30,30,30,40,35,33,51,41,41,46,41,47,57,30,41,35,42,35,35,34,31,40,44,46,39,52,35,30,50,57,50,40,50,66,35,49,35,35,58,44,56,50,50,52,62,43,61,58,50,49,35,46,25,20,15,30,23,22,20,19,20,16,25,9,34
E02002534,2882,13,15,15,15,25,15,25,25,20,15,25,15,25,30,25,25,30,30,21,20,20,15,20,20,20,25,15,30,15,20,30,24,25,20,35,30,20,30,25,25,42,20,25,20,25,25,35,25,25,36,39,35,41,30,50,46,55,50,50,35,40,39,54,62,40,45,35,46,40,57,56,57,56,63,75,54,40,44,35,42,37,34,38,28,25,19,22,10,19,10,58
E02002535,4698,37,35,40,35,50,35,39,50,35,40,40,55,51,54,55,50,55,50,40,30,36,36,30,25,40,40,50,66,50,60,54,55,54,65,45,50,45,55,30,65,40,64,55,55,45,54,50,66,56,58,71,69,75,80,89,89,81,64,90,100,79,94,71,90,93,79,69,55,66,60,62,59,50,50,60,35,45,34,39,40,25,37,45,15,30,20,29,23,18,15,33
E02002536,4826,46,45,45,49,60,50,49,50,64,50,65,58,66,59,50,45,60,45,51,35,26,42,49,46,56,40,46,50,45,60,71,74,64,85,75,59,67,59,61,60,55,54,65,40,30,59,50,35,50,54,71,60,80,65,70,69,86,74,75,70,79,79,60,64,50,74,60,55,40,50,58,43,60,50,55,40,35,46,35,41,40,47,30,36,45,31,26,20,12,25,51
E02002537,4379,47,40,50,54,65,60,63,60,70,65,60,68,71,54,45,50,45,40,40,48,53,33,48,54,56,56,48,61,50,70,75,77,73,60,55,64,83,50,71,55,40,55,55,40,45,54,44,41,40,55,46,55,55,55,55,69,50,65,80,65,59,59,50,40,55,50,50,30,30,30,30,35,30,45,29,35,25,25,35,26,20,24,20,19,32,20,25,17,19,21,43
E02002538,2920,24,20,30,30,20,40,35,35,35,45,40,30,25,35,35,30,40,35,25,25,32,15,25,15,35,25,30,30,30,50,35,30,35,45,40,35,40,40,35,35,35,34,41,30,40,29,40,30,25,53,40,35,35,40,40,35,45,45,40,40,40,45,72,29,35,24,35,40,25,30,25,39,30,76,49,20,24,25,15,25,10,20,19,5,12,19,9,14,17,15,34
E02002539,5321,46,59,57,59,50,56,59,45,55,66,61,68,55,45,60,60,50,50,67,20,30,25,34,36,50,45,30,50,61,55,66,54,59,44,61,59,71,55,76,69,70,83,81,55,55,74,50,76,61,82,81,89,80,70,84,83,76,90,102,95,88,97,65,85,69,70,59,75,66,70,68,54,63,75,75,62,63,51,56,45,30,27,35,36,33,19,21,20,18,21,50
E02002540,3172,30,25,20,30,25,15,30,30,30,35,40,30,30,30,30,30,25,25,20,16,16,10,25,21,36,30,26,25,40,20,35,39,24,30,35,35,41,25,30,30,35,25,35,35,25,30,35,42,30,62,31,54,30,40,49,38,52,51,50,45,50,39,35,65,57,44,54,45,63,45,53,51,45,72,69,36,38,54,35,32,21,26,31,30,21,32,20,18,16,18,44
E02002541,3055,21,35,31,29,30,20,25,20,30,40,20,34,30,44,35,30,40,35,20,15,20,16,28,32,25,30,25,35,35,40,30,40,40,50,76,39,36,40,30,25,41,44,29,36,25,40,45,30,35,52,58,45,35,30,40,40,41,44,40,35,58,44,67,50,44,40,33,45,35,30,29,29,45,35,40,30,20,26,25,25,31,26,25,26,17,27,21,4,11,11,45
E02002542,4201,37,45,56,44,55,55,54,65,60,55,60,50,66,65,55,60,45,50,51,40,52,48,40,48,62,45,35,55,55,65,65,50,64,55,55,55,66,60,55,55,40,59,50,46,30,50,40,61,55,53,45,59,55,45,70,60,55,55,59,74,55,55,45,50,55,45,40,30,40,45,64,40,35,40,50,15,35,25,25,40,31,13,20,20,6,5,15,0,4,10,34
E02002543,4901,57,60,77,68,65,77,72,88,69,77,81,63,72,63,71,64,65,50,46,41,36,58,45,47,61,76,73,70,90,90,82,87,83,89,60,88,97,95,72,54,71,59,71,50,55,55,50,45,55,50,56,55,65,55,50,55,76,80,55,70,60,44,71,55,54,45,45,45,30,30,53,44,40,28,40,14,15,15,15,29,20,23,15,19,12,5,25,5,12,5,31
E02002544,4104,50,45,36,47,71,61,44,44,45,40,35,45,45,50,50,50,55,30,51,33,48,38,39,48,73,67,52,91,61,90,66,79,68,60,55,69,77,65,50,39,45,59,61,35,40,40,35,39,45,58,51,50,40,45,69,59,62,70,65,50,59,44,49,49,50,30,55,50,40,40,25,29,25,30,45,30,14,20,20,5,25,25,19,20,17,10,15,16,15,6,47
E02002545,2641,21,30,30,20,25,15,24,25,25,25,35,25,20,25,30,20,15,20,25,15,20,23,15,15,25,25,20,25,30,35,35,34,25,30,25,30,30,20,30,25,46,25,25,25,30,25,20,25,25,39,36,40,30,35,35,25,41,50,50,40,39,44,46,55,44,30,44,49,36,36,37,46,40,46,49,37,33,22,25,27,32,32,20,14,24,18,15,10,10,4,23
E02002546,3750,38,44,36,44,35,35,58,30,40,60,40,59,55,58,50,64,54,64,62,43,37,37,35,43,62,45,46,45,55,60,45,63,59,45,66,60,45,50,61,59,45,54,35,46,35,30,50,50,40,49,56,79,50,75,54,64,61,55,50,45,60,53,40,25,34,30,30,34,51,24,30,30,35,20,19,25,19,20,15,15,15,15,20,10,11,10,9,4,4,5,28
E02002547,3155,15,20,20,29,15,20,25,25,34,30,30,29,30,34,25,45,20,35,25,15,26,23,25,20,15,25,15,20,25,30,30,30,34,35,41,35,25,30,30,25,36,34,20,30,40,29,35,41,30,43,30,49,35,35,40,48,58,61,56,65,52,50,47,61,52,53,40,60,47,45,39,51,61,56,63,40,37,43,35,32,38,26,28,26,31,25,31,14,20,12,65
E02002549,3944,23,35,30,25,35,35,35,35,35,40,30,39,35,30,35,40,35,40,30,25,31,27,29,15,30,45,43,30,25,40,45,20,45,40,40,40,35,45,41,40,45,35,35,57,45,40,45,36,46,54,62,58,55,55,65,45,50,70,61,55,54,59,66,60,63,53,50,45,49,67,61,57,55,61,75,72,61,48,45,53,47,42,45,31,42,30,20,34,21,22,69
E02002550,3152,29,25,25,30,35,40,43,35,35,25,35,35,30,40,41,35,40,25,35,26,10,33,25,32,41,30,32,35,25,50,30,40,30,35,30,67,52,35,40,45,46,30,35,41,25,24,40,40,40,30,46,40,55,40,45,67,47,35,50,55,39,40,46,51,34,35,44,35,41,25,30,20,40,40,35,35,30,26,35,36,21,15,25,21,15,18,15,18,10,17,48
E02002551,2665,36,35,30,30,35,35,25,40,40,30,35,40,25,30,25,25,30,30,20,20,26,48,39,41,56,51,41,41,40,50,61,35,45,45,50,48,31,40,35,40,40,30,30,35,25,30,35,35,30,25,35,40,35,40,40,30,25,35,30,40,20,40,15,20,30,20,19,35,19,25,30,15,20,25,20,10,15,4,5,15,10,10,14,15,6,0,5,14,6,15,24
E02002552,3684,37,35,46,53,46,41,53,54,64,67,62,49,40,67,50,45,40,54,41,26,31,38,29,31,35,35,43,55,45,60,56,63,54,54,61,59,72,50,51,44,66,44,51,46,35,44,35,45,35,44,57,40,45,55,49,54,50,60,55,45,45,50,25,50,49,30,40,35,36,40,39,44,35,25,30,20,30,20,25,5,5,15,10,5,10,20,0,12,6,11,26
E02002553,3088,33,40,31,25,46,30,42,30,54,35,62,25,71,45,45,25,45,44,25,15,21,21,24,31,20,40,31,30,25,40,35,44,35,79,61,43,35,50,35,35,41,35,30,30,35,40,35,30,25,38,35,45,40,35,35,40,35,30,35,45,35,30,36,35,35,40,43,40,24,35,25,39,30,46,38,26,25,26,26,14,26,27,25,26,23,15,4,15,16,16,30
E02002554,2626,24,20,20,20,35,25,35,20,35,45,35,35,30,40,35,25,40,30,25,25,32,20,29,25,40,24,30,35,20,30,35,25,25,35,20,40,47,25,30,20,35,30,25,25,15,25,25,25,30,20,30,40,45,30,25,30,40,30,35,35,30,44,40,45,30,39,40,30,35,40,30,33,35,39,35,31,25,20,25,20,24,16,20,19,17,14,10,15,12,0,32
E02002555,5274,27,30,45,37,45,50,40,65,50,61,70,64,72,91,75,70,65,55,56,36,15,39,39,36,45,46,42,50,55,45,61,40,53,65,71,58,77,60,76,75,82,72,70,60,85,69,70,88,72,63,94,89,66,75,70,77,77,71,86,65,63,59,72,75,58,63,49,70,60,78,54,61,70,75,88,61,38,64,47,37,41,52,45,36,24,30,36,27,14,12,62
E02002556,3669,38,30,30,35,30,45,35,40,45,40,35,43,35,39,55,35,40,55,35,20,15,25,54,42,30,25,48,51,30,45,35,45,35,55,35,40,40,55,50,50,45,44,55,46,35,45,45,45,30,49,51,55,55,89,69,78,65,50,75,70,74,54,70,55,50,52,55,55,40,45,53,35,35,49,40,30,25,35,20,10,20,15,15,10,10,5,5,12,0,15,19
E02002558,5532,47,50,46,49,66,60,50,50,64,60,60,60,50,70,60,70,50,45,46,25,25,21,35,52,35,66,57,45,50,60,71,69,49,55,60,59,76,100,76,55,66,64,71,65,65,64,40,75,75,74,65,75,65,70,94,70,65,100,80,85,65,90,96,90,80,93,70,80,86,75,82,86,70,60,79,61,55,60,61,50,35,57,44,64,27,31,20,31,18,25,69
E02002559,4953,47,41,44,48,50,50,44,40,61,76,61,49,61,65,64,69,61,55,50,41,37,40,36,40,45,45,40,55,55,50,60,51,50,55,45,60,70,69,54,65,66,61,78,72,51,92,63,82,73,71,86,87,76,76,73,76,89,79,76,74,54,84,75,73,77,59,49,49,55,62,46,71,53,57,66,51,47,35,25,38,29,29,31,20,24,10,15,10,21,15,23
E02002560,3241,17,26,25,39,41,46,34,35,20,30,45,35,50,50,40,40,40,40,30,32,17,25,35,35,30,35,30,30,35,50,45,51,46,60,35,55,35,44,40,25,51,51,41,40,20,40,49,51,54,63,60,51,45,61,49,50,40,35,40,45,40,40,30,41,29,40,25,39,35,41,42,25,29,35,46,30,31,30,24,15,20,25,15,19,10,10,10,10,11,6,29
E02002561,2730,14,25,30,20,20,20,15,25,20,25,25,30,25,40,25,25,30,25,35,21,15,25,31,25,20,20,20,25,25,35,30,25,25,40,30,25,30,25,29,30,35,41,30,35,30,30,20,36,30,42,45,35,30,40,35,45,46,50,61,45,50,40,35,57,57,54,29,39,51,35,52,43,39,50,41,37,32,20,19,20,20,15,9,15,14,10,10,15,6,5,25
E02002562,2800,31,41,25,30,30,35,39,30,35,25,30,25,25,30,35,30,20,30,20,20,38,35,41,35,35,50,25,45,30,35,45,46,35,35,40,35,40,35,39,45,30,40,36,25,20,29,30,35,35,41,40,45,44,46,40,40,30,39,45,45,30,45,40,30,44,35,25,24,25,30,25,20,29,20,35,24,15,25,15,24,20,4,10,19,10,5,15,10,14,10,38
E02002563,2889,16,30,20,20,30,25,39,30,36,40,30,25,35,25,35,30,25,25,25,20,10,20,20,25,25,20,30,25,20,25,30,30,40,50,30,25,25,40,29,30,42,30,41,30,20,34,34,30,35,35,50,45,35,40,43,40,41,50,40,30,45,35,45,52,35,44,44,43,40,56,31,40,38,47,46,36,31,29,24,19,20,24,21,25,21,27,19,15,11,10,61
E02002564,5113,46,46,54,58,36,50,57,66,69,75,78,63,61,60,63,60,61,60,60,31,46,35,56,61,51,55,45,66,60,60,69,51,71,70,55,70,71,64,69,55,72,67,51,67,67,64,58,67,72,83,86,67,55,78,77,81,103,69,61,79,70,69,66,67,70,40,59,49,55,40,54,49,55,54,61,40,46,42,34,28,34,29,36,28,37,24,19,20,18,12,50
E02002567,4912,71,74,58,54,52,63,67,67,72,71,68,62,67,55,64,55,57,65,45,36,48,58,57,50,77,75,84,92,76,98,103,104,81,85,99,70,72,50,63,65,61,66,56,46,62,50,50,57,49,46,60,50,55,45,50,76,50,65,55,55,65,55,56,51,48,58,45,44,35,40,25,40,47,50,61,32,20,35,15,20,20,34,31,25,21,26,15,16,5,5,38
E02002568,3135,28,20,35,30,20,25,30,35,25,30,35,49,45,45,45,40,40,25,40,20,11,25,25,20,30,30,25,15,20,25,25,20,20,20,25,30,35,25,35,30,40,41,36,30,30,35,44,40,45,57,66,36,45,51,54,50,30,55,50,50,50,55,30,46,29,35,24,34,50,40,42,34,39,44,52,35,36,37,38,30,29,34,32,29,26,22,24,9,22,22,68
E02002569,4788,27,35,20,35,35,41,30,40,40,35,40,45,45,40,70,55,52,55,45,37,15,20,25,35,30,30,25,20,25,30,40,35,40,45,40,40,40,45,45,65,50,56,57,61,55,54,54,40,64,62,75,76,65,60,71,65,65,75,85,60,78,60,70,68,66,70,75,68,50,60,95,65,66,77,99,72,74,78,51,52,53,57,69,70,64,42,46,38,31,41,121
E02002570,3791,42,35,30,39,53,35,51,40,41,45,30,43,40,40,40,35,25,20,50,37,22,48,53,50,50,66,50,60,56,44,50,57,66,45,55,55,40,54,44,51,35,42,35,51,40,53,35,46,54,35,50,56,50,51,48,55,55,45,55,60,45,40,50,62,43,45,40,50,40,35,47,49,39,40,45,30,20,19,23,19,19,15,21,24,21,20,25,11,26,11,79
E02002571,3333,47,36,44,38,57,37,34,36,47,52,52,43,42,50,33,30,31,50,35,32,28,29,31,46,42,40,40,40,47,49,58,57,62,45,54,55,52,53,43,35,42,47,57,37,35,38,29,47,44,42,51,31,45,46,42,46,36,39,45,49,48,29,30,31,37,30,25,29,20,36,27,30,22,25,25,30,27,25,19,18,28,18,15,23,15,12,20,5,18,6,30
E02002572,3206,30,42,40,34,41,52,29,40,47,50,56,49,45,50,35,45,35,35,45,26,27,25,47,51,40,40,35,45,50,55,50,50,45,50,45,45,55,35,44,45,50,52,45,46,29,40,45,25,40,41,45,50,50,35,45,50,46,50,40,30,30,40,30,36,20,40,35,30,20,25,31,30,25,20,25,20,21,25,20,20,5,20,10,15,10,5,5,5,5,5,19
E02002573,4822,36,40,40,48,40,51,58,50,51,45,52,59,55,70,45,60,57,50,40,43,20,25,35,40,40,50,45,41,51,40,64,36,56,60,50,55,56,74,58,60,57,67,68,46,65,55,68,83,64,68,65,66,65,82,95,80,60,75,71,70,73,65,70,68,58,65,45,47,60,56,57,50,59,70,82,66,52,46,47,28,34,44,37,24,30,37,20,21,10,15,70
E02004290,2853,20,25,25,20,30,26,15,10,30,25,20,35,25,35,26,20,30,20,36,30,30,15,23,25,25,25,25,25,20,40,30,25,30,25,25,35,25,30,25,20,30,45,45,29,35,30,30,35,40,50,45,52,51,44,45,49,50,56,60,40,45,40,45,54,30,35,54,35,39,41,45,35,48,40,30,29,40,38,30,20,20,29,10,19,31,10,11,15,11,11,26
E02004291,3670,32,35,50,25,40,38,57,41,40,30,43,38,35,40,25,30,47,30,36,31,25,24,37,44,48,36,55,55,50,53,62,59,55,51,56,43,50,41,46,72,50,51,30,30,44,46,39,62,45,49,65,62,56,55,50,50,60,71,65,46,50,45,59,49,34,36,44,30,30,30,39,35,38,40,44,35,40,24,25,19,20,15,24,23,15,15,20,16,6,5,34
E02004292,4137,32,40,25,35,35,43,30,41,45,35,25,45,35,40,50,45,30,30,36,35,25,33,29,42,40,35,45,45,35,53,52,50,50,35,35,55,35,35,40,46,50,51,49,53,49,30,45,50,64,55,55,57,65,55,65,70,70,65,60,66,65,66,60,40,66,46,50,50,49,45,40,55,67,45,79,63,70,57,45,30,31,54,33,36,30,22,33,15,30,21,73
E02004293,4953,42,40,65,54,63,75,62,47,60,60,54,49,59,75,61,51,51,54,48,45,38,47,52,61,59,68,65,60,60,67,66,59,65,72,70,84,75,67,66,56,55,55,55,60,50,50,48,55,49,65,70,72,60,80,90,93,70,75,80,59,55,56,56,54,50,50,50,40,44,50,45,50,44,54,45,45,44,40,56,29,30,35,23,31,35,17,16,32,29,22,63
E02004294,4102,31,20,20,35,25,42,35,41,30,35,35,35,30,51,45,56,30,40,46,30,24,25,42,38,40,30,35,25,25,40,36,45,25,35,25,45,40,35,35,40,35,40,50,40,49,57,45,46,55,70,65,90,99,85,45,74,69,81,64,76,66,89,51,68,70,56,55,62,63,66,49,54,63,50,66,62,50,49,35,30,24,53,20,29,31,23,21,21,30,15,49
E02004295,3765,18,15,35,25,30,42,35,47,45,40,35,44,44,45,47,50,35,45,35,36,34,34,38,39,35,35,35,30,40,25,20,35,30,36,40,40,40,35,40,50,45,35,35,40,39,45,63,52,45,55,66,62,50,70,85,60,55,66,50,50,51,56,66,40,50,68,50,60,54,49,49,50,49,64,64,51,29,40,29,40,24,19,19,34,24,21,17,23,24,0,24
E02004296,4315,39,50,54,40,44,59,62,30,45,49,50,58,39,35,25,56,45,58,41,25,35,33,50,62,49,56,60,50,50,63,78,60,50,56,60,59,50,67,66,45,60,56,50,44,40,40,58,40,74,55,65,63,77,69,70,75,70,61,55,60,66,72,55,50,50,51,49,46,52,45,40,39,39,55,60,36,39,35,30,20,25,25,15,20,25,20,20,17,0,9,25
E02004297,4060,23,35,25,45,35,36,40,46,40,45,40,50,40,40,47,41,35,45,40,20,34,29,33,30,35,40,40,40,55,45,46,55,50,51,40,50,45,61,65,51,56,55,50,49,50,51,48,62,50,40,45,50,60,65,70,78,74,55,70,55,65,60,70,64,55,50,50,50,44,45,35,50,39,50,54,55,45,35,44,25,35,32,24,29,24,21,15,5,12,24,58
E02004298,5183,31,35,55,58,54,57,55,45,40,50,44,54,72,60,50,45,62,40,45,30,35,34,28,25,45,35,40,55,60,55,61,60,50,51,55,64,76,61,61,62,71,71,55,59,58,59,60,72,65,75,70,74,85,75,90,80,80,107,96,93,90,75,80,70,86,84,80,77,45,70,69,78,69,55,70,49,45,54,34,35,35,29,42,33,30,26,40,23,29,12,79
E02004299,4133,25,30,35,35,39,35,45,35,60,35,54,40,35,55,52,30,40,49,40,15,35,33,33,35,40,35,55,45,45,35,51,50,50,62,55,40,40,61,45,45,50,50,40,64,49,51,45,30,55,65,65,77,60,50,70,64,55,66,50,71,55,66,60,60,45,73,44,61,54,65,43,49,53,55,66,41,38,40,49,30,31,18,29,32,25,16,10,21,23,18,62
E02004300,3972,24,45,35,35,45,36,40,45,50,50,49,43,45,45,51,40,40,35,30,25,30,29,29,39,40,41,50,45,45,64,51,35,50,67,65,50,55,35,50,40,50,40,60,48,44,35,40,41,59,45,59,54,55,50,54,79,73,70,55,45,54,50,55,45,50,44,55,60,50,45,48,44,49,59,65,45,45,44,34,30,30,19,25,27,20,15,15,9,18,5,44
E02004301,4876,48,35,50,49,49,57,51,62,59,73,68,68,58,55,62,67,68,54,51,46,54,46,65,63,59,51,69,76,79,54,84,83,60,79,67,64,76,63,60,71,71,71,45,53,48,62,66,57,65,65,86,60,71,60,80,55,59,65,55,55,75,50,66,59,50,66,40,50,64,50,50,33,53,45,53,31,35,40,29,23,15,23,20,18,15,15,25,10,28,12,31
E02004302,3828,35,40,45,45,49,36,50,41,45,35,30,40,44,45,30,45,30,30,51,57,44,34,46,54,53,35,40,50,59,64,67,40,40,46,60,79,50,50,40,55,45,50,40,35,40,30,53,45,45,49,55,67,55,45,60,60,58,71,55,45,50,45,45,54,40,57,30,56,40,35,30,45,44,50,40,35,35,34,25,28,25,20,14,24,10,15,10,10,12,10,28
E02004303,5595,44,50,30,50,45,56,45,51,59,55,53,68,44,60,45,62,46,45,61,46,45,56,59,54,57,71,50,65,70,78,66,65,70,83,75,69,65,55,55,66,81,71,70,67,54,61,68,72,84,94,107,87,97,100,80,89,84,75,97,97,91,85,75,80,76,79,60,50,65,50,55,74,73,65,61,51,45,50,49,44,52,40,37,46,33,33,28,19,16,12,77
E02004304,4642,30,40,35,44,39,61,81,72,50,50,67,45,49,71,51,56,57,54,35,36,25,50,51,40,44,51,55,35,45,60,56,64,65,78,71,64,65,61,60,82,60,66,55,59,59,72,58,52,55,65,75,55,74,60,75,74,69,50,55,65,70,59,54,55,45,56,45,45,50,55,44,40,43,40,50,35,49,40,44,14,19,28,32,23,20,32,32,20,18,10,77
E02004305,5218,57,50,55,63,69,62,70,77,55,89,59,74,55,70,81,55,51,50,55,40,40,48,45,63,74,67,50,75,69,84,76,117,90,67,81,85,65,65,65,76,65,65,70,45,55,61,55,55,99,90,80,60,70,80,69,65,65,60,60,76,85,65,60,60,65,40,50,65,44,50,60,55,45,45,55,57,39,34,35,24,30,21,28,19,19,26,18,5,12,0,23
E02004306,3113,19,20,35,30,30,25,25,30,45,40,29,40,39,45,35,20,36,30,25,10,15,10,14,20,25,25,9,25,30,25,35,15,35,41,40,35,40,30,25,40,40,25,40,35,35,40,39,40,35,45,45,40,50,50,50,55,40,45,50,50,35,45,50,35,45,47,44,51,35,56,50,35,53,55,40,36,45,45,29,34,25,24,33,28,20,26,20,10,12,6,53
E02004307,3373,28,35,20,24,30,41,35,20,40,35,34,40,44,20,30,40,41,34,31,20,25,20,32,39,39,41,40,35,30,45,41,44,45,46,40,25,50,41,40,46,40,30,40,35,30,52,39,41,44,60,55,45,61,45,60,64,63,51,45,72,55,50,50,59,45,46,40,35,45,35,50,40,29,45,40,30,25,25,20,20,30,19,28,15,19,19,20,14,12,8,27
E02004308,3692,11,15,20,30,35,30,45,30,35,35,35,45,40,35,40,25,35,30,30,30,15,20,33,29,10,30,30,30,20,20,51,30,25,41,40,44,50,56,50,51,56,61,55,40,49,61,49,61,45,55,50,40,50,55,50,54,69,45,60,56,45,65,50,64,50,60,55,30,59,66,35,64,67,81,71,62,40,63,40,20,15,36,23,19,20,27,10,16,12,18,42
E02004309,3188,17,25,25,40,29,25,40,40,40,30,44,45,40,45,35,41,35,25,20,20,20,14,15,20,29,25,30,35,35,40,46,40,50,41,40,35,35,45,45,50,35,40,50,50,35,35,38,46,40,55,40,50,35,35,45,40,45,45,35,35,50,56,35,45,30,47,34,35,45,30,35,30,44,45,45,30,30,25,30,25,20,18,19,28,19,19,32,20,16,10,61
E02004310,4019,34,30,54,44,35,41,35,45,35,35,39,55,45,45,45,45,45,48,30,25,25,33,28,44,58,30,50,55,49,54,46,50,60,56,55,50,45,35,55,55,50,50,60,45,30,51,53,46,45,65,65,61,65,70,60,64,65,61,69,61,50,40,60,40,55,50,54,45,45,50,60,45,39,50,50,51,35,40,40,35,30,25,25,25,25,25,15,10,6,0,20
E02004311,4665,40,45,30,34,49,45,40,50,45,50,49,40,50,55,55,35,50,30,35,30,35,29,43,40,73,62,35,60,60,54,46,69,50,45,60,50,50,55,60,55,55,71,70,70,50,40,59,61,55,60,75,70,76,85,64,69,92,82,79,60,70,75,65,69,71,60,49,60,55,54,54,60,68,75,60,45,50,49,43,30,20,34,28,34,30,26,15,19,10,12,44
E02004312,3857,19,25,20,25,49,30,30,30,40,25,30,30,25,35,41,40,35,30,20,15,25,25,24,30,35,30,50,35,35,30,40,35,35,45,45,45,40,40,40,60,45,40,35,50,50,35,30,45,40,55,50,45,35,50,70,60,50,40,40,65,45,61,30,60,51,79,39,45,74,46,59,69,71,60,92,68,65,55,62,40,88,52,33,47,40,31,25,10,23,18,51
E02004313,3395,30,35,25,30,34,26,36,36,45,20,34,59,49,40,20,30,20,34,31,61,192,153,110,81,66,51,64,60,49,44,53,45,45,41,71,54,55,30,25,35,34,45,35,30,20,25,29,30,39,35,45,30,35,34,29,30,30,45,15,40,40,35,35,30,40,40,20,25,30,25,25,25,30,35,35,19,15,30,19,14,20,19,19,14,10,20,10,5,6,12,19
E02004314,6291,5,5,5,5,0,5,10,5,0,5,15,10,10,5,10,5,5,15,341,1592,1173,934,600,195,111,61,73,35,40,30,30,20,20,20,15,20,25,20,10,20,5,10,5,10,15,15,20,10,15,20,15,10,15,20,20,15,15,20,20,15,15,15,20,25,20,20,5,20,15,15,25,14,14,20,25,10,20,10,15,25,5,15,14,20,20,15,15,5,0,6,33
E02004315,6619,28,60,65,68,68,71,75,61,70,70,64,79,60,70,76,60,86,69,149,325,429,300,200,117,98,77,90,65,64,64,61,79,85,72,55,69,90,65,70,86,101,81,90,70,80,71,78,70,74,75,95,70,65,65,70,65,59,81,80,50,40,50,66,74,70,56,54,65,45,55,50,55,44,60,40,35,20,35,34,20,25,20,30,35,25,20,10,10,6,12,58
E02004316,3317,34,30,35,35,25,30,51,41,40,40,45,35,40,30,40,35,35,30,30,25,25,25,24,30,30,35,35,50,45,40,46,45,55,52,65,40,55,51,45,45,45,61,40,25,40,35,40,35,45,45,45,45,50,50,60,40,50,51,45,56,45,29,40,40,55,41,54,36,30,36,40,24,39,30,40,25,30,25,34,14,26,20,19,19,15,15,10,10,11,0,18
E02004317,3743,34,30,25,30,44,41,40,51,30,30,40,30,40,35,40,50,41,44,41,30,30,29,41,45,35,30,35,40,35,40,36,45,45,41,40,55,40,40,45,40,50,45,55,45,35,45,30,40,55,60,55,45,50,50,59,55,64,56,55,66,60,54,50,54,39,41,50,45,59,40,45,49,53,60,60,36,30,35,40,24,30,36,25,24,30,25,14,18,16,6,47
E02004318,3374,34,35,30,34,34,35,35,46,30,25,34,45,30,40,35,25,30,25,30,25,20,19,20,34,39,35,60,35,44,45,46,50,40,69,56,50,40,40,46,45,45,30,35,40,40,35,34,40,25,35,40,45,51,55,50,55,40,55,50,56,50,51,56,60,35,45,54,40,44,45,40,30,39,35,40,20,49,34,24,20,25,25,24,10,25,10,13,15,5,12,53
E02004319,4045,46,40,30,40,44,41,45,46,40,35,45,40,40,45,45,40,40,44,51,35,35,33,42,44,39,62,45,61,54,54,67,63,45,52,60,35,50,40,50,50,40,56,45,40,40,41,53,63,54,79,70,66,66,65,70,69,65,60,55,61,60,40,45,60,51,35,35,45,35,40,55,50,30,45,50,41,49,30,30,35,10,36,29,19,25,26,15,15,0,6,32
E02004320,4397,40,30,35,25,39,52,45,53,60,45,55,35,44,50,35,56,50,35,35,30,34,25,39,30,40,35,35,45,45,45,50,50,45,56,45,60,60,56,60,76,56,61,74,58,55,56,45,51,55,60,65,49,65,80,60,75,65,81,80,71,80,55,71,70,71,55,70,70,60,45,55,50,60,45,50,34,30,38,35,35,30,25,34,24,30,21,26,15,20,9,42
E02004321,4207,39,25,34,49,45,45,40,40,40,50,45,45,50,35,45,45,45,44,35,30,50,43,44,50,49,51,55,45,50,50,55,55,40,67,60,60,45,70,65,45,55,55,50,40,40,45,40,51,45,70,55,55,45,80,45,60,70,75,70,60,54,70,87,60,59,45,45,50,45,35,25,44,45,30,40,30,48,50,35,35,35,20,19,28,35,31,21,19,10,23,53
E02004322,4456,39,50,45,58,54,78,50,61,55,59,60,74,60,40,60,45,66,49,45,30,40,52,53,45,53,56,60,50,83,59,61,74,60,61,65,40,50,61,60,56,50,50,60,35,45,50,40,61,50,60,70,60,55,55,55,60,50,71,55,55,35,44,60,65,45,55,55,66,45,50,47,40,49,44,51,34,39,44,24,25,25,20,22,24,35,9,31,5,10,6,48
E02004323,3738,31,40,45,30,35,36,40,35,35,35,45,35,50,35,35,45,35,35,30,30,30,38,44,49,40,35,50,40,54,45,50,45,55,56,50,55,50,51,40,61,50,45,40,40,50,45,44,35,74,70,60,50,44,50,60,70,55,71,55,65,64,45,61,54,45,51,35,40,20,30,34,30,35,44,45,25,35,20,35,25,14,20,24,24,20,26,15,15,10,10,39
E02004324,2861,19,25,35,20,29,30,30,30,35,35,40,35,20,45,30,35,35,20,30,25,25,33,28,20,35,30,25,35,35,35,40,30,25,35,35,35,40,45,35,34,35,46,30,30,35,35,30,35,40,40,45,40,35,55,40,40,40,30,55,56,60,40,35,40,30,35,40,30,40,30,30,40,30,35,45,30,35,15,14,10,19,14,20,19,15,5,10,10,10,6,19
E02004325,4774,44,50,50,87,77,61,71,62,55,55,60,55,50,65,50,55,56,45,46,46,59,51,53,54,67,56,65,60,84,70,77,60,70,56,75,80,60,55,50,60,70,55,45,54,55,45,45,50,50,59,75,55,72,65,65,60,75,61,65,66,60,65,59,64,50,45,35,49,40,44,55,40,39,30,34,40,24,30,43,30,20,15,29,27,15,55,25,30,21,16,56
E02004326,3458,27,35,40,39,56,41,40,35,25,40,35,55,40,40,30,50,55,34,41,30,44,24,39,35,35,47,45,50,49,54,51,54,50,46,45,50,40,40,45,35,45,40,35,35,45,41,44,47,54,40,35,40,50,49,35,45,60,66,55,45,55,50,50,35,40,40,35,40,25,34,40,30,30,30,40,47,25,20,20,8,24,30,23,15,15,15,15,9,15,12,19
E02004327,2871,23,25,20,30,35,35,20,30,30,25,35,25,20,35,30,20,30,20,30,15,30,24,38,25,40,36,20,35,35,45,35,50,25,41,35,35,35,30,30,30,30,30,49,30,30,30,25,41,40,30,50,50,45,40,40,40,35,44,50,51,50,45,30,40,35,40,25,29,39,40,39,40,25,24,29,24,35,30,30,20,24,15,28,24,10,26,13,14,11,18,32
E02004328,3792,39,35,40,45,54,40,35,56,60,50,35,50,55,40,55,30,40,50,45,46,35,38,30,39,68,57,45,55,55,40,50,50,45,50,45,45,55,70,45,40,35,55,55,40,40,40,30,45,40,55,55,55,56,55,70,50,50,40,60,55,45,39,50,35,55,40,44,40,25,25,30,35,34,29,30,45,35,28,25,35,30,25,38,15,10,16,14,15,15,18,34
E02004329,3337,20,25,20,15,30,25,30,41,20,40,30,49,30,30,35,35,35,35,30,30,30,29,25,35,40,30,30,30,50,40,40,35,35,40,25,35,30,30,30,40,45,45,25,25,40,46,35,30,50,55,45,45,61,50,39,70,50,56,65,44,50,50,55,59,56,55,59,45,49,54,50,40,45,60,35,35,40,35,20,34,20,35,24,25,20,20,15,4,10,4,29
E02004330,3056,9,35,15,25,25,25,30,15,25,30,40,30,25,25,30,30,25,25,25,25,25,24,29,40,40,25,34,35,30,40,30,30,40,46,40,35,30,45,35,35,30,30,25,30,20,25,25,35,25,40,45,30,40,45,55,35,54,45,60,51,56,56,50,49,56,40,40,41,48,30,40,30,43,45,35,35,44,24,30,35,35,20,24,23,23,20,16,31,20,24,46
E02004331,3635,32,35,35,35,35,35,35,40,45,40,35,50,40,40,45,35,45,25,25,30,44,32,44,44,49,45,55,40,45,60,55,59,40,40,55,45,50,40,34,50,40,45,40,35,30,30,45,56,55,60,55,50,51,50,64,50,55,56,50,71,60,40,55,35,40,35,40,35,34,40,25,54,35,44,40,34,40,35,25,29,20,30,25,20,10,25,20,10,10,6,33
E02004332,3770,44,35,40,48,30,41,40,35,45,45,50,45,50,40,35,45,45,34,47,25,35,38,39,44,34,40,40,45,55,44,45,40,50,41,45,50,55,50,55,50,40,50,45,45,35,53,34,36,49,50,60,61,73,55,50,79,67,54,65,50,50,50,77,40,45,45,35,45,50,30,35,40,35,40,40,30,30,40,29,20,25,15,23,19,0,20,20,14,16,6,41
E02004333,3420,24,25,30,25,25,30,46,25,30,35,40,30,30,25,30,35,35,20,30,15,30,29,25,30,24,20,35,35,30,30,56,40,45,25,25,40,30,45,30,30,40,45,54,35,45,30,40,30,45,50,50,50,45,49,60,60,50,45,50,50,45,55,50,50,50,56,39,66,73,60,59,75,45,40,51,60,50,34,25,49,15,30,25,25,25,15,15,5,15,18,38
E02004334,3611,35,30,40,25,35,40,40,51,45,40,35,50,40,40,45,35,55,40,51,30,30,28,40,30,49,40,35,35,50,45,30,45,40,45,35,45,40,35,45,50,50,40,50,35,30,51,35,40,35,50,59,50,71,70,60,65,68,60,50,45,54,40,66,40,50,56,40,44,44,34,40,45,35,45,35,39,49,25,35,25,25,20,14,25,10,15,9,5,0,6,33
E02004335,4045,79,60,59,48,58,62,50,56,40,35,45,45,35,50,50,45,35,40,57,56,43,38,53,35,44,60,50,76,64,93,72,55,70,73,60,50,60,35,66,61,55,40,40,60,34,45,40,45,45,55,50,46,56,60,50,55,45,71,40,66,45,25,40,50,29,40,55,35,50,45,28,40,40,35,44,30,15,20,39,30,19,10,5,15,19,15,10,10,10,6,30
E02004336,3353,32,20,30,34,35,30,35,31,20,50,40,25,25,35,30,30,25,38,30,25,30,19,29,38,30,25,30,30,35,40,40,30,35,52,46,50,40,30,30,35,40,35,45,20,30,41,39,40,45,40,50,46,45,45,44,45,59,51,66,51,61,40,66,45,45,50,40,55,48,51,49,39,40,60,56,36,43,35,41,34,30,25,20,18,30,21,15,15,16,6,32
E02004337,5264,42,50,45,59,55,56,56,55,50,75,69,74,50,70,76,65,55,49,67,55,45,43,58,54,49,60,55,60,55,60,81,70,80,84,60,85,60,60,65,92,80,77,60,59,55,50,60,54,89,75,65,92,70,75,80,75,93,76,80,65,80,70,70,69,77,65,53,50,58,65,69,55,68,59,54,50,40,30,20,30,35,25,25,25,30,15,14,14,8,12,50
E02004338,3639,31,40,45,40,50,35,40,35,40,35,30,45,35,30,30,40,30,34,35,41,25,34,40,45,49,45,45,55,50,65,56,60,50,41,50,45,30,50,50,30,40,50,40,45,30,35,30,40,55,55,50,61,60,65,60,60,50,65,75,60,60,45,55,50,30,45,35,40,45,30,35,45,45,40,40,35,28,40,25,20,30,15,25,10,15,14,21,9,5,6,19
E02004339,3630,27,25,30,29,25,41,30,35,35,35,40,35,49,55,40,35,40,53,36,20,20,18,30,20,15,25,25,25,30,30,50,25,50,41,25,35,40,35,45,30,50,40,55,30,54,35,30,52,59,60,60,45,50,45,60,55,63,60,55,50,60,50,45,50,40,45,50,35,59,35,40,64,49,76,77,61,44,45,38,30,46,30,35,20,15,25,15,21,21,18,54
E02004340,5234,55,55,55,48,58,57,55,56,60,70,64,50,65,55,50,65,50,55,61,45,49,47,49,58,54,71,60,70,59,64,76,60,80,73,65,55,65,61,75,55,71,76,50,50,55,50,50,55,75,70,65,60,75,70,75,85,88,86,75,69,70,80,75,60,64,55,70,55,60,45,70,55,69,69,75,50,50,45,29,39,30,29,20,34,45,35,25,20,24,12,50
E02004341,4397,31,39,40,44,30,41,35,61,30,40,54,44,40,40,45,56,55,34,35,25,30,28,40,44,58,56,40,45,50,54,40,45,59,30,45,50,45,56,55,51,50,46,55,50,50,41,55,41,45,65,85,60,82,70,70,80,83,101,80,80,70,50,86,73,61,51,55,66,65,55,65,48,65,65,70,50,45,44,34,35,25,19,30,20,24,20,15,4,14,0,44
E02004342,2880,45,30,40,44,43,30,41,41,45,40,40,40,40,45,50,35,40,35,42,35,30,52,43,34,43,35,60,45,35,40,40,30,35,35,25,40,54,35,35,35,56,35,40,30,35,30,25,30,40,30,40,35,40,30,35,25,35,25,29,35,25,30,30,30,20,30,25,35,20,25,25,25,25,25,15,20,25,20,15,10,15,10,15,15,10,10,10,5,10,0,43
E02004343,2891,18,25,30,20,34,20,25,25,25,35,30,45,25,40,30,30,35,29,20,36,30,20,34,25,25,30,30,45,39,35,40,35,40,36,30,45,30,30,30,40,30,30,40,35,30,30,45,31,40,30,35,40,40,45,35,30,45,35,40,40,25,56,30,50,51,25,45,30,30,25,24,39,39,35,34,15,25,40,20,30,19,31,20,24,20,24,24,20,21,12,36
E02004344,3630,23,35,35,35,35,30,35,25,40,45,40,40,50,40,30,40,45,35,30,20,25,29,30,30,20,30,30,35,30,25,40,40,60,30,45,40,35,50,45,45,30,35,30,40,30,35,45,44,40,40,35,60,64,65,65,50,65,76,44,55,59,60,55,50,55,50,55,50,30,35,55,55,50,35,59,35,34,28,35,40,40,30,40,35,35,26,24,14,20,19,52
E02004345,6444,41,40,40,45,45,45,40,55,50,65,60,70,65,70,65,55,55,82,45,40,40,48,59,35,54,65,60,55,45,65,55,60,60,35,55,65,60,65,70,65,60,60,70,75,60,76,75,87,95,114,115,112,99,120,115,124,113,123,110,100,112,102,113,108,106,102,93,101,108,90,89,74,103,105,106,65,79,69,39,70,50,65,52,39,55,22,42,46,10,35,102
E02004348,3954,14,25,30,35,30,30,25,30,30,25,30,40,35,40,45,40,30,45,20,25,15,25,20,25,25,30,20,25,20,20,25,25,30,30,30,30,45,25,40,20,40,45,40,40,40,45,65,50,60,65,60,60,45,75,74,70,84,70,80,65,70,70,65,74,74,72,89,61,60,69,60,64,70,75,80,50,55,65,44,40,30,29,29,29,23,25,30,20,18,29,63
E02004349,4883,82,55,40,55,49,51,65,52,60,65,55,50,60,60,55,65,55,54,56,76,40,45,45,54,53,65,55,65,70,75,55,78,60,73,45,65,65,45,60,50,60,40,65,50,45,55,55,60,50,65,65,65,80,70,80,55,80,71,70,70,65,59,66,60,75,50,45,50,70,49,50,50,55,60,55,29,35,45,44,35,35,24,29,24,24,26,20,20,0,12,48
E02004350,5020,43,40,45,49,40,66,45,50,55,40,50,45,64,55,40,55,50,54,51,25,30,40,50,49,45,45,50,35,50,55,50,65,65,56,55,60,55,60,75,60,60,71,55,40,60,50,54,61,70,70,85,70,65,95,65,80,85,81,55,80,66,75,71,75,75,81,79,60,65,64,74,70,65,65,85,65,50,59,44,39,40,30,23,30,30,20,25,30,25,23,53
E02004351,3527,29,40,30,30,40,25,35,41,30,35,50,49,45,55,40,40,50,49,35,25,30,25,35,45,40,40,35,45,35,40,40,45,50,46,39,45,50,40,35,35,50,45,35,50,30,35,45,45,45,45,44,40,60,50,65,60,50,60,70,55,55,45,50,60,55,34,50,50,30,35,35,45,40,40,40,30,30,25,24,30,29,15,20,18,20,10,5,5,10,6,39
E02004352,4158,48,50,40,35,30,46,40,45,50,65,45,40,35,45,30,45,45,53,51,45,35,35,39,44,44,56,65,55,49,59,56,74,45,51,40,60,45,45,50,50,40,61,40,45,40,40,50,50,65,54,64,51,45,70,106,89,69,65,55,60,50,40,55,74,45,50,45,25,45,40,45,35,51,34,54,25,50,25,26,25,30,31,34,15,25,25,20,21,20,6,53
E02004353,3708,21,30,15,25,25,35,35,30,35,30,55,30,35,50,40,55,30,35,40,35,25,30,20,44,35,35,30,25,45,35,35,40,35,46,45,25,45,35,45,40,35,40,30,30,35,40,50,40,40,35,60,65,55,69,55,75,65,66,65,70,65,51,50,45,50,45,55,40,55,60,45,49,35,70,73,35,44,34,30,30,20,24,35,29,41,37,25,25,15,12,63
E02004354,4684,31,40,40,44,40,35,50,46,70,55,69,60,75,75,45,45,55,55,45,25,39,44,40,50,50,45,55,45,55,60,45,50,65,66,60,70,75,50,75,56,75,65,50,55,55,45,55,65,60,60,60,65,75,70,70,80,70,101,55,65,64,55,81,68,59,56,60,60,45,55,50,65,60,64,70,43,35,39,45,30,30,20,10,20,15,5,25,10,0,12,42
E02004355,3701,46,35,20,44,39,36,35,40,49,45,54,45,50,66,50,61,50,40,45,50,30,40,40,40,43,45,35,45,55,50,45,30,50,36,45,45,55,61,51,45,50,30,50,30,40,45,45,50,49,40,50,49,55,60,50,40,50,50,60,60,50,50,45,45,44,49,50,40,49,35,35,40,38,40,40,25,30,30,25,25,14,10,30,25,20,5,21,10,4,18,20
E02005702,3444,27,21,15,26,20,35,29,25,44,34,30,36,20,30,30,30,20,35,25,20,22,21,21,15,29,25,20,15,31,27,30,25,30,25,30,45,36,41,20,31,25,41,30,25,34,35,40,47,34,61,56,45,46,56,56,56,66,68,61,55,66,61,50,70,66,73,41,35,55,40,59,61,50,77,59,52,47,36,41,38,33,29,28,41,33,33,28,18,20,15,61
E02005703,3467,21,15,16,36,25,38,35,30,15,29,29,31,26,31,25,41,30,29,31,30,27,15,36,31,35,30,30,35,31,32,30,35,36,50,35,35,36,30,25,31,40,41,51,30,43,30,39,36,40,35,40,49,46,56,51,55,55,54,67,50,71,70,50,60,82,92,62,46,35,49,45,57,55,49,50,30,30,40,40,28,38,38,28,20,28,17,14,21,26,19,61
E02005704,6645,46,59,59,61,45,49,49,35,64,55,49,67,72,72,64,61,50,55,55,40,52,31,52,73,40,45,60,50,40,81,50,60,60,55,65,45,66,60,63,77,55,56,60,77,49,65,63,72,71,102,118,107,94,118,107,121,112,88,139,137,127,152,128,128,122,109,124,97,109,104,98,101,109,106,104,91,87,61,82,73,60,43,55,45,30,53,29,30,19,29,97
E02005705,3894,24,16,15,25,41,30,15,30,35,44,34,36,47,40,25,30,25,25,41,15,5,15,10,21,25,15,20,25,25,26,20,15,20,25,30,30,25,20,37,30,30,35,46,35,34,39,44,30,58,51,62,68,68,56,77,70,72,68,93,60,81,77,114,79,99,68,79,89,74,76,69,73,60,77,80,45,63,46,57,34,30,43,36,15,28,32,15,24,10,20,73
E02005706,4910,39,25,40,35,50,54,68,49,45,49,54,68,50,50,49,40,40,50,40,45,31,31,59,40,35,40,40,45,56,59,54,60,73,75,65,66,50,45,51,51,55,56,40,40,40,40,40,60,68,55,64,55,67,70,70,65,71,74,76,70,75,75,75,75,64,70,63,71,70,70,50,77,74,96,75,49,50,45,56,34,28,49,42,40,33,41,33,31,37,25,95
E02005707,3574,20,20,10,25,25,30,30,30,30,40,44,35,30,35,35,20,20,30,30,15,20,15,25,20,30,30,25,35,20,37,25,30,35,20,35,30,30,30,20,35,35,25,35,40,30,25,44,35,58,40,50,50,45,45,45,60,76,74,55,86,65,70,55,60,59,57,61,67,60,54,70,65,70,66,80,50,59,73,49,50,37,30,29,15,24,36,15,25,14,9,46
E02005708,5138,26,31,30,25,25,25,30,35,40,40,35,40,40,45,35,30,35,25,25,30,36,31,36,25,30,35,40,35,35,36,45,55,41,40,55,40,40,50,46,30,40,56,40,35,50,40,54,45,49,65,50,65,73,76,92,75,91,110,108,106,95,115,118,109,92,120,93,87,95,89,104,112,99,86,114,86,75,88,71,60,35,49,46,50,38,30,44,34,42,29,85
E02005709,3557,48,43,41,46,73,39,52,62,49,48,40,46,35,36,49,46,40,30,25,30,54,43,30,46,49,45,55,60,47,59,63,55,46,50,50,61,41,50,52,58,35,46,30,30,20,30,25,30,39,40,45,54,58,61,56,50,49,55,56,55,50,35,40,35,25,30,25,30,25,40,35,40,25,44,34,35,20,20,25,25,15,20,20,19,0,4,23,5,8,10,39
E02005710,4660,42,41,61,46,51,40,50,45,59,44,40,45,60,50,35,46,30,55,55,45,36,46,40,56,55,45,50,55,61,75,60,45,61,70,69,75,66,60,78,66,60,65,34,40,45,60,65,50,88,60,60,60,77,65,70,75,65,64,75,58,50,69,45,55,65,60,45,50,75,64,40,50,55,45,50,45,34,34,35,35,32,30,14,25,33,30,20,19,29,9,73
E02005711,4011,35,53,40,40,40,50,44,50,45,54,59,50,45,45,55,35,30,49,73,62,31,47,41,46,40,50,55,50,40,32,45,45,40,45,50,45,51,35,63,41,45,51,40,45,35,40,53,45,43,65,55,50,52,60,56,55,71,49,61,50,49,50,40,43,55,45,55,55,49,50,45,35,64,70,54,46,25,29,30,20,30,39,20,20,20,15,24,10,9,5,43
E02005712,4751,57,68,46,51,67,64,63,53,64,63,54,45,66,66,54,51,55,54,51,49,43,41,66,63,73,76,71,70,83,105,97,90,77,82,69,81,82,72,62,83,60,45,55,45,55,55,60,60,44,60,60,55,61,55,60,55,60,75,55,55,65,70,50,55,50,50,40,35,30,40,40,50,50,46,39,30,30,30,15,15,15,20,25,15,20,15,10,0,14,5,25
E02005713,3250,21,20,35,30,30,30,25,30,15,30,30,30,35,25,30,36,30,34,35,15,16,20,30,20,30,30,35,30,30,32,40,25,30,30,40,35,40,35,25,30,45,45,45,35,39,30,48,40,34,45,45,35,52,45,56,50,55,54,45,65,65,55,51,50,55,66,49,50,50,55,63,56,55,61,55,46,40,41,30,24,20,10,20,19,14,9,15,5,5,5,34
E02005715,4867,45,47,52,41,61,49,38,53,59,63,49,50,67,55,54,56,35,39,35,40,49,43,46,57,49,51,50,76,82,79,67,76,68,65,59,60,61,45,56,73,50,78,71,68,67,45,54,61,72,72,71,65,67,61,71,70,76,64,55,54,60,60,60,55,59,60,57,55,39,70,55,50,45,50,65,45,45,34,50,34,25,35,34,37,37,14,24,21,15,15,70
E02005717,3838,17,20,25,30,25,30,20,29,35,35,35,35,25,41,30,41,40,30,40,20,25,10,30,35,30,15,20,15,30,25,30,40,35,45,35,25,50,40,30,51,55,45,45,46,30,45,49,45,40,66,60,40,68,60,55,45,60,60,70,65,75,60,76,75,60,65,60,55,55,65,65,60,65,55,70,55,63,41,50,40,43,39,35,35,22,18,29,31,21,20,67
E02005718,3154,14,25,15,15,20,35,25,34,25,30,20,20,20,20,25,30,25,34,25,25,10,21,25,30,25,30,20,30,25,37,20,30,25,30,25,30,35,40,35,25,25,40,30,35,25,35,35,30,40,30,51,35,30,45,30,45,55,40,45,60,50,25,56,50,50,50,62,45,50,60,50,64,75,93,95,60,59,51,49,30,30,15,30,25,29,21,10,15,10,10,44
E02005719,4116,32,36,41,56,46,39,40,39,35,39,35,35,41,40,25,25,35,35,40,35,42,40,40,46,34,50,45,45,46,58,59,76,56,50,59,45,61,51,51,51,59,51,50,51,49,56,54,45,63,56,66,49,67,59,61,60,71,60,40,85,65,45,55,50,49,40,55,40,55,55,60,55,50,66,54,45,45,30,45,30,25,25,25,35,20,25,13,9,5,0,39
E02005720,5540,43,51,40,45,50,49,55,40,50,53,70,61,40,60,50,67,55,40,45,40,47,45,35,61,55,45,60,50,67,75,73,55,75,60,70,60,40,55,56,66,69,55,60,25,40,60,59,60,69,75,80,75,77,100,95,110,75,85,102,101,85,105,85,100,85,84,80,90,100,80,85,64,79,102,88,70,55,51,49,50,30,45,49,30,44,20,20,15,20,15,39
E02005721,2868,25,15,31,26,20,15,30,29,25,24,35,35,36,30,35,30,25,30,30,20,21,15,20,20,20,20,25,25,20,21,25,35,20,20,34,35,61,36,25,42,35,25,35,25,30,25,30,51,48,45,40,45,47,45,35,40,51,58,51,56,60,50,46,45,46,52,45,30,34,40,35,29,40,35,35,35,20,20,25,20,20,20,15,20,25,15,19,16,15,15,43
E02005722,4797,53,30,41,45,45,49,59,40,54,58,59,40,50,45,40,36,45,44,50,35,15,30,45,40,40,50,45,45,35,52,45,55,40,45,49,55,61,56,62,67,53,56,75,50,49,55,59,60,68,75,75,101,72,75,81,86,91,87,87,92,70,112,92,75,75,72,76,83,59,70,45,50,60,71,80,45,45,35,50,25,15,30,30,20,10,15,14,0,10,15,51
E02005723,3260,20,20,25,25,20,20,25,25,30,34,40,30,41,35,30,40,45,30,20,20,15,15,30,25,25,30,30,25,20,27,30,35,30,25,30,20,45,35,35,31,30,51,35,30,30,39,30,30,25,45,50,35,40,45,50,40,60,55,45,40,55,50,66,50,45,62,40,40,40,45,43,45,34,49,45,45,40,46,39,35,29,29,33,35,28,46,30,26,27,30,95
E02005724,3447,22,25,25,31,35,39,35,40,44,39,40,25,35,46,44,40,20,39,25,15,15,20,25,20,15,15,20,10,20,20,20,25,20,30,39,40,35,35,36,41,35,36,40,46,50,56,43,35,48,50,40,45,52,45,61,50,61,49,62,35,49,64,51,49,35,50,45,50,50,45,55,61,64,51,75,45,45,52,45,40,30,43,39,35,34,20,18,21,10,15,57
E02005725,3740,17,31,20,41,41,29,29,29,25,48,39,30,45,51,25,35,40,40,36,20,21,35,25,20,29,25,30,20,10,15,20,40,41,30,40,45,46,41,30,47,35,56,50,51,35,45,44,31,44,35,50,50,40,50,56,66,51,50,56,55,55,60,60,69,45,56,46,45,50,35,54,45,50,56,86,40,45,51,55,39,43,29,39,45,37,32,43,31,22,26,120
E02005726,3926,32,20,30,36,45,39,35,54,45,40,54,45,45,30,35,45,51,50,35,20,15,20,36,30,25,25,15,30,25,26,30,10,30,30,30,30,40,40,62,35,55,56,60,45,35,35,58,25,50,60,75,59,57,65,45,60,71,87,60,60,50,60,55,55,60,55,65,71,45,40,45,55,55,65,65,60,56,40,40,45,43,40,30,35,34,42,25,21,20,16,50
E02005727,3030,25,20,30,15,30,25,25,20,25,29,30,35,30,30,25,20,25,30,20,15,15,10,15,10,25,15,15,20,25,26,25,25,25,15,20,25,40,40,40,25,25,40,30,40,25,35,30,40,25,30,50,59,67,45,51,59,55,63,61,61,60,70,71,60,39,66,50,45,50,56,45,55,45,45,34,41,29,35,25,25,29,30,20,20,25,16,15,13,5,21,39
E02005728,3457,20,20,20,25,25,30,25,34,35,35,35,40,35,35,20,35,35,40,35,15,38,30,15,30,30,30,30,25,25,35,15,35,35,35,30,45,35,35,30,41,25,35,30,25,20,35,30,40,35,55,60,44,45,45,45,66,60,59,72,59,76,70,61,55,76,40,55,50,45,49,65,50,60,56,70,46,45,35,29,44,29,34,30,25,30,25,15,10,19,15,45
E02005729,2878,15,5,15,10,15,30,30,30,25,25,25,30,35,35,35,40,25,30,25,20,26,10,20,15,20,20,20,10,25,20,25,25,15,20,30,30,20,30,35,30,40,41,30,35,30,35,45,35,50,50,50,55,40,55,50,50,50,40,45,45,50,50,45,35,60,30,55,50,40,30,40,49,50,50,30,45,35,35,35,25,24,19,25,20,15,16,18,10,15,10,50
E02005730,6548,38,30,46,50,50,59,45,59,60,55,65,65,55,70,60,70,82,70,65,55,20,35,40,50,50,45,70,60,67,35,65,60,55,55,65,55,75,55,55,72,70,65,80,65,79,65,68,70,75,90,95,90,91,85,121,90,107,99,101,120,80,110,99,115,121,118,97,90,110,95,85,112,80,107,126,65,80,72,92,53,72,73,58,55,60,48,47,46,40,40,143
E02005731,5578,61,41,62,30,56,43,40,54,55,48,63,77,50,71,64,61,87,83,71,48,47,46,51,56,49,50,50,60,51,68,65,50,66,91,65,60,40,61,62,68,65,70,65,56,74,75,72,71,78,91,91,99,88,81,92,91,133,87,91,80,65,75,81,70,60,55,70,64,60,70,55,91,70,76,75,60,44,61,45,45,30,38,35,30,30,21,25,26,20,20,40
E02005733,4217,16,30,36,35,45,44,35,30,35,30,40,45,35,45,40,40,40,35,40,35,26,20,25,31,39,31,20,30,31,31,25,35,35,25,30,35,41,45,31,51,40,45,35,40,45,56,44,40,49,60,80,64,70,65,59,70,70,98,87,75,85,65,71,95,81,75,75,73,70,70,74,50,55,86,75,55,60,35,35,30,35,45,20,25,30,26,35,19,10,26,71
E02005734,3117,50,25,41,56,25,25,25,34,34,30,30,25,30,41,35,30,25,25,30,30,10,42,31,20,30,35,35,35,30,30,40,30,30,35,30,35,30,30,25,35,25,40,30,15,25,35,35,35,40,35,50,30,35,30,45,50,40,50,40,60,50,60,54,45,55,56,44,45,55,45,40,50,40,39,40,30,36,41,19,30,34,28,20,15,27,10,15,10,15,16,44
E02005735,3668,31,46,52,63,50,40,64,53,50,54,35,50,45,40,40,35,45,40,40,30,32,30,46,52,53,55,60,71,45,58,60,65,40,40,59,50,61,45,30,40,55,40,35,40,35,40,50,40,60,65,40,50,50,55,55,40,50,55,40,45,45,50,35,35,35,35,35,25,35,45,40,30,35,30,34,30,29,30,19,10,10,19,24,14,24,10,15,10,5,10,30
E02005736,4379,48,41,46,51,56,48,49,48,68,57,64,51,61,51,58,41,45,40,45,35,38,47,57,52,54,45,70,60,62,62,58,55,66,66,79,66,61,56,55,57,59,66,66,51,44,61,45,61,45,61,61,50,55,60,40,55,50,50,70,55,50,50,54,50,50,50,35,66,35,50,54,55,34,45,55,46,51,46,15,34,14,15,19,30,15,9,15,10,5,14,34
E02005739,4672,32,51,40,40,50,54,45,45,45,59,45,35,45,50,35,35,50,30,45,40,43,51,45,35,59,45,50,45,45,40,70,45,50,60,55,50,50,50,52,45,45,76,60,40,50,50,40,45,50,65,70,83,55,75,60,75,89,65,80,65,75,80,75,55,90,50,60,50,60,64,55,65,45,55,85,55,38,54,45,59,58,45,35,39,20,30,30,15,20,15,56
E02005740,5252,40,50,45,50,55,59,65,72,65,55,55,65,55,50,55,60,55,74,65,50,42,67,46,60,75,55,50,50,77,66,60,55,65,70,70,54,70,55,61,72,88,70,74,60,50,65,45,60,69,75,70,75,60,75,80,100,84,84,75,95,75,55,55,74,70,54,59,70,45,50,60,50,55,55,64,40,50,42,45,49,30,25,35,39,29,25,34,10,5,18,71
E02005741,4395,30,35,45,35,35,35,30,45,55,58,45,50,40,45,55,50,50,50,41,35,26,30,35,35,40,40,35,40,45,45,40,45,45,45,40,30,45,50,45,62,50,55,55,35,55,55,45,50,79,70,70,54,76,70,65,60,86,74,80,85,85,60,60,59,55,66,55,55,70,45,59,70,55,50,64,39,51,30,40,30,45,30,43,24,35,33,10,29,10,10,77
E02006811,5831,53,86,45,65,70,55,65,65,60,85,82,66,75,60,65,70,76,76,46,45,40,35,45,54,59,55,50,67,69,74,69,60,75,70,81,76,66,75,75,72,71,64,70,65,82,56,81,66,69,69,92,75,64,85,61,85,70,89,66,60,74,60,99,60,75,66,64,88,72,69,63,80,84,94,82,61,67,69,41,49,40,54,45,34,30,28,29,24,26,16,71
E02006812,3984,25,25,30,46,40,49,50,40,45,47,35,50,39,62,30,40,46,30,36,42,30,35,40,44,35,37,44,34,40,50,50,40,35,51,60,61,55,45,35,50,46,40,45,45,40,30,30,35,45,46,63,65,54,50,60,55,65,59,69,70,50,60,65,64,45,45,57,50,50,60,50,39,49,40,60,55,44,40,20,34,25,35,43,30,30,37,20,20,6,18,53
E02006841,3458,30,20,36,15,40,19,34,25,21,26,30,21,15,24,20,23,25,84,96,179,108,57,74,73,100,103,137,98,93,68,99,81,77,76,68,77,34,49,36,35,38,34,29,15,30,36,25,31,36,30,35,30,25,29,51,30,35,25,30,30,30,30,24,29,31,19,25,30,20,14,19,20,25,15,15,10,20,10,10,5,10,10,15,5,15,5,6,10,0,6,25
E02006842,2608,31,31,41,34,36,39,34,36,31,26,46,26,41,48,42,34,30,25,29,25,32,26,43,39,37,41,36,35,47,34,35,25,42,30,42,25,34,35,31,30,30,35,30,25,42,25,30,41,20,25,35,25,47,30,31,30,30,20,30,20,20,25,29,30,26,34,9,15,20,20,20,21,25,26,30,19,15,14,20,19,20,5,25,26,11,10,11,5,15,6,52
E02006893,5782,53,79,49,55,60,67,45,55,45,45,60,50,61,45,40,35,35,45,50,40,35,44,53,59,74,55,54,50,64,65,65,69,45,65,50,60,70,70,69,45,65,50,60,55,53,65,61,50,55,60,70,60,75,79,70,69,75,80,90,85,91,99,94,84,80,85,68,87,99,75,93,96,96,85,112,69,94,60,68,50,67,50,63,58,70,53,41,25,46,29,93
E02006909,6487,44,40,51,39,49,45,67,59,50,45,60,55,67,65,77,55,69,61,73,48,62,40,41,52,56,40,65,65,60,50,60,56,60,74,61,77,64,65,64,65,79,75,67,79,71,76,82,83,65,93,106,107,83,111,122,115,129,121,115,129,105,99,107,93,92,83,93,72,105,86,74,101,110,92,103,71,69,80,72,73,44,64,42,36,55,38,37,43,36,24,84
E02006910,5475,56,60,55,55,76,63,59,70,76,55,68,75,59,55,71,45,50,66,66,36,35,54,50,59,56,57,83,68,80,81,64,92,90,77,86,75,66,65,76,60,67,65,62,50,55,65,51,50,69,55,64,86,76,91,100,86,95,85,75,80,80,75,90,55,65,69,64,65,59,55,50,50,65,45,65,45,34,45,40,38,35,45,39,24,46,20,19,25,6,12,33
E02007022,6193,29,50,50,49,40,45,66,40,55,55,50,64,59,60,65,66,45,68,57,40,30,39,50,40,59,50,40,40,55,45,50,55,60,61,55,45,56,45,50,40,64,65,94,65,65,55,55,65,65,80,90,85,101,110,80,104,119,123,95,117,106,117,123,107,107,75,111,80,111,85,118,90,110,100,95,66,75,84,49,78,56,66,54,49,46,35,49,47,36,33,120
E02007058,5623,76,70,55,60,62,61,54,65,55,55,45,65,55,60,60,50,65,50,65,46,69,79,98,107,87,99,110,106,105,104,105,96,91,75,80,80,70,75,74,70,70,65,70,70,60,55,70,65,70,70,65,75,95,76,65,85,90,75,90,70,85,69,85,65,69,55,54,44,50,35,40,55,49,34,50,40,41,19,20,29,35,25,25,20,14,25,10,26,10,5,35
E02007059,5288,54,30,40,45,55,55,60,45,50,56,61,65,61,60,50,60,69,61,45,45,57,70,62,62,67,73,71,70,65,71,70,50,65,65,55,60,59,70,74,59,55,60,77,60,71,61,56,69,80,75,55,85,88,79,93,87,76,77,82,85,70,85,80,75,73,65,67,55,74,59,63,50,63,65,46,40,35,41,44,36,27,24,25,35,29,15,15,11,15,10,63
E02007060,2862,40,35,61,49,66,71,34,30,50,46,30,30,30,25,35,45,45,40,25,20,20,26,35,25,46,56,51,77,60,35,45,40,35,69,44,35,46,40,56,45,35,25,30,45,45,35,40,30,30,25,35,35,30,25,20,35,30,40,40,35,25,29,20,25,20,20,25,30,20,25,30,10,10,15,20,14,20,15,14,10,15,10,5,10,12,9,5,5,6,5,25
E02007061,4077,75,70,55,62,56,67,63,50,60,60,77,78,82,54,71,50,40,69,57,57,56,53,82,68,102,93,89,75,97,80,60,82,68,70,76,78,71,65,66,48,61,68,40,45,30,50,35,62,51,40,50,55,45,50,45,49,20,45,45,30,35,30,30,25,40,25,15,20,30,25,20,15,10,15,25,10,5,4,5,5,10,10,10,0,6,0,0,0,0,0,4
E02007062,4002,57,70,56,57,61,61,47,68,64,82,81,74,77,58,71,60,40,50,52,36,25,31,29,31,46,46,68,56,61,75,76,68,68,74,76,58,56,70,93,79,92,73,72,51,50,54,60,66,67,72,56,50,50,50,54,40,45,45,25,54,25,35,35,25,20,30,25,20,5,10,15,20,15,9,30,20,10,15,5,10,0,5,5,10,5,5,15,0,6,4,34
E02007063,4627,39,45,45,39,56,60,57,49,69,70,76,68,103,92,81,99,70,75,78,47,47,43,54,31,51,50,35,35,40,50,30,40,45,55,50,64,67,70,72,78,93,77,98,82,80,82,94,98,71,95,89,103,96,90,83,81,67,70,59,60,69,64,50,30,45,30,25,40,31,30,30,15,25,25,25,25,15,15,15,10,5,10,0,0,0,0,0,0,0,0,5
E02007094,3542,35,30,36,34,30,40,30,25,36,36,40,51,42,39,40,34,36,35,20,25,26,25,32,25,42,30,41,40,40,45,40,56,41,45,42,40,44,51,57,35,40,30,35,34,41,40,35,40,52,48,55,39,53,39,63,44,63,41,66,61,45,54,53,51,69,44,59,39,52,49,39,63,44,57,41,25,30,47,24,25,19,15,20,30,19,20,25,10,14,0,50
E02007095,5079,97,80,90,83,88,78,65,90,65,65,55,60,50,66,45,45,51,40,35,30,25,39,33,43,58,70,104,96,109,119,124,110,99,100,102,112,95,129,92,102,101,82,78,100,62,60,56,59,60,35,56,65,50,54,45,45,51,59,55,46,36,35,40,53,30,35,29,31,29,29,36,30,36,29,31,28,26,26,21,19,16,20,14,10,10,15,17,15,15,6,54
E02007096,3035,11,20,25,25,29,36,30,35,40,25,39,34,30,46,39,31,43,35,30,25,15,23,20,24,33,20,30,25,35,35,40,43,45,45,40,35,35,35,35,47,64,46,48,41,34,46,46,44,44,37,45,40,39,39,40,40,46,49,34,52,52,45,40,39,49,40,62,38,49,45,25,41,46,35,41,32,26,25,10,15,15,20,5,11,10,0,6,4,5,12,30
E02007097,4253,24,15,15,5,15,25,15,10,15,20,20,20,5,15,10,5,15,25,169,615,565,479,336,171,159,110,86,76,64,59,61,40,35,30,35,35,30,30,30,30,20,25,20,20,15,20,15,30,20,41,30,15,15,20,15,20,20,25,20,15,25,15,30,9,15,15,9,15,25,20,10,15,5,15,20,10,10,10,5,5,0,10,5,0,5,0,0,0,0,0,10
E02007098,3276,51,45,50,35,30,72,66,30,35,40,35,35,30,35,35,25,20,45,40,20,39,38,28,34,48,45,44,55,69,50,40,64,40,60,39,56,50,30,63,41,35,71,44,20,29,35,30,29,40,40,45,30,39,50,41,45,40,40,56,41,40,25,45,25,39,30,35,24,30,40,20,25,25,25,35,24,26,20,21,19,30,29,33,16,14,5,11,11,11,6,30
E02007099,4756,18,15,10,10,10,10,10,5,10,5,5,10,10,5,10,5,5,15,179,934,574,339,288,310,232,182,115,143,88,75,83,82,65,94,53,40,30,20,30,15,20,15,20,20,15,20,15,15,20,10,15,20,5,20,25,5,20,10,15,31,15,10,20,15,20,10,20,15,10,15,10,5,5,5,10,5,5,5,5,5,5,5,5,11,5,10,5,5,0,6,14
E02007100,4094,16,10,10,5,5,5,5,0,10,10,5,0,10,5,5,5,5,10,219,895,618,403,308,201,140,100,87,81,63,55,47,35,30,20,35,20,25,25,15,20,25,15,20,20,20,10,15,15,15,15,10,15,10,15,5,15,20,20,20,20,10,15,20,10,5,10,5,10,10,15,5,10,10,10,5,10,0,0,5,5,5,0,5,10,0,0,0,5,0,6,10
E02007101,4602,92,90,79,93,105,104,96,105,89,116,81,86,86,92,101,62,57,65,55,57,67,62,65,57,67,65,63,55,83,74,66,72,78,95,106,82,80,75,69,73,83,71,68,61,54,72,56,54,53,52,40,45,35,45,35,25,35,15,40,20,30,40,25,25,35,20,20,25,20,10,25,10,20,20,20,14,5,20,5,10,10,10,5,10,0,10,17,0,0,0,17
E02007102,3487,27,20,25,41,29,25,20,20,30,34,29,25,25,36,20,26,42,30,120,458,228,181,113,115,97,75,63,102,45,30,35,35,50,45,35,40,55,40,43,30,30,25,20,31,39,30,31,30,30,36,25,30,25,25,20,20,30,30,20,25,15,20,15,25,15,25,24,24,20,49,14,15,10,10,10,5,5,10,10,10,0,10,5,5,10,5,10,5,0,6,9
E02007103,3023,39,30,39,51,34,36,25,30,49,39,49,39,40,51,39,36,41,35,35,30,39,43,32,48,61,65,62,71,53,58,72,58,64,45,43,40,35,31,39,31,54,41,33,46,34,46,35,34,30,41,40,25,39,83,41,40,25,35,36,25,25,30,45,35,30,30,20,10,30,15,20,19,14,15,26,20,5,15,0,0,11,5,10,20,5,9,5,0,0,0,14
E02007104,2621,28,35,35,41,54,42,35,51,40,35,48,38,66,35,44,26,36,20,25,58,29,24,38,38,34,45,39,30,30,30,40,39,53,45,30,35,40,51,35,40,44,30,54,36,29,35,31,30,30,46,40,25,19,49,30,30,20,35,19,36,25,30,25,25,35,20,20,10,15,20,10,15,10,15,14,15,5,10,5,10,5,10,5,5,5,5,5,5,6,6,25
E02007105,6442,50,62,66,40,60,49,65,64,79,62,60,55,65,70,75,65,65,60,65,45,53,55,62,67,58,65,91,80,82,82,69,90,74,75,64,101,81,71,65,72,70,80,65,70,60,85,70,75,80,95,90,90,106,80,114,100,105,131,110,110,115,80,100,95,85,80,76,80,85,80,70,79,90,104,89,80,80,65,45,19,35,40,45,39,44,30,20,19,30,15,63
E02007106,7331,47,72,76,61,87,78,60,70,75,89,92,86,90,75,79,87,90,98,92,45,63,68,67,82,83,61,80,81,87,89,68,70,87,85,89,91,88,106,93,82,89,114,105,91,78,100,107,134,89,123,141,110,108,120,105,125,105,95,105,120,104,94,121,109,106,97,98,106,90,90,105,84,100,120,90,75,45,70,45,29,30,30,20,15,20,15,15,10,10,9,46
E02007107,4610,16,30,25,40,25,35,40,35,45,49,45,45,50,45,35,55,45,40,45,20,15,35,15,25,15,20,30,25,25,30,30,30,35,35,30,30,35,35,30,50,45,55,45,50,60,50,50,60,60,60,50,70,76,60,60,75,70,75,80,80,95,75,91,75,71,70,81,75,90,75,80,65,70,91,95,86,71,71,54,53,44,44,57,44,62,48,29,30,14,26,107
