,16,17,18,19,20,21,22,23,24,25,26,27,28,29,30,31,32,33,34,35,36,37,38,39,40,41,42,43,44,45,46,47,48,49,50,51,52,53,54,55,56,57,58,59,60,61,62,63,64,65,66,67,68,69,70,71,72,73,74,75,76,77,78,79,80,81,82,83,84,85,86,87,88,89,90,91,92,93,94,95,96,97,98,99,100
-20,0.0,0.0,0.0,0.0,0.0,0.0,0.0,0.0,0.0,0.0,0.0,0.0,0.0,0.0,0.0,0.0,0.0,0.0,0.0,0.0,2.4677542936358125e-05,2.9791538332019543e-05,3.529448712694606e-05,4.1183437680367e-05,4.745528459201712e-05,5.4106739071416494e-05,6.113429979107784e-05,6.853422427824897e-05,7.629315697198826e-05,8.43601748778415e-05,9.2674997591449e-05,0.00010117737539922292,0.00010980710788128092,0.00011850406068690215,0.00012720818047861807,0.00013585950804357452,0.00014439818957308882,0.00015276448611338322,0.00016089878119229754,0.00016874158662836877,0.00017623354653001979,0.00018331543949371478,0.00018992817901082595,0.0001960440519679983,0.00020176036917576057,0.00020720562045362974,0.0002125082061838408,0.00021779643210530537,0.00022319851183013066,0.00022884257705681476,0.00023485669545648884,0.00024136889621275147,0.0002485072032017348,0.00025639967580704225,0.00026517445737410204,0.0002749598313202927,0.00028588428493092405,0.0002980765808868239,0.0003116658365869052,0.00032678161134872615,0.00034355400159174164,0.0003621137441317562,0.00038259232774110765,0.00040512211315742847,0.0004298506744848055,0.0004569333400368772,0.00048655382369075734,0.0005189101063610786,0.0005542581126164798,0.0005929428492158317,0.0006354874564510326,0.0006821333154510162,0.0007335496954548056,0.0007902495929689835,0.0008531152948745835,0.0009222594037761481,0.0009977652765702162,0.0010839262165568766,0.0011885708435215513,0.0013166835891745936,0.0014465839194198553,0.0015105984677879407,0.0015557093751244315,0.0016135548485380305,0.0017157582455352722
-19,0.0,0.0,0.0,0.0,0.0,0.0,0.0,0.0,0.0,0.0,0.0,0.0,0.0,0.0,0.0,0.0,0.0,0.0,0.0,2.728710480664446e-05,3.3432121912076416e-05,3.9982515014379475e-05,4.691814557142561e-05,5.42192515018484e-05,6.186587135056598e-05,6.983781599278155e-05,7.81146434076055e-05,8.667563658719723e-05,9.549808262302786e-05,0.0001045522626782223,0.00011380675149127149,0.00012323015774736503,0.0001327911348242912,0.000142458390578708,0.0001522006961712583,0.000161986893930408,0.0001717859042561687,0.0001815667315660248,0.00019129846928642245,0.0002009503038940884,0.0002104915180122368,0.00021989149256738702,0.00022911970801305987,0.00023816814363633148,0.0002471184365227779,0.0002560746152557224,0.0002651406882523035,0.0002744206462452987,0.0002840184710119615,0.00029403815033599695,0.000304583699191733,0.00031575918714403745,0.00032766877196357773,0.0003404167394646168,0.0003541075495816985,0.0003688458887122858,0.00038473672836471,0.00040188539016467817,0.00042039761728910143,0.0004403796524131922,0.0004619383222756815,0.00048518112898768685,0.0005102163482333053,0.0005371531345344933,0.0005661203521769582,0.0005972560606356881,0.0006307337203266489,0.000666742322288134,0.0007055409688726754,0.0007474945057408263,0.0007931790744433927,0.0008428028212418034,0.0008970920352259716,0.0009565581427890033,0.0010221385437321222,0.0010938250140995471,0.0011715813335812536,0.0012602744245300479,0.00136866242512652,0.001501941173067846,0.0016349980565545537,0.0016921238738193652,0.0017275566173932842,0.001776731548474706,0.0018738858023434634
-18,0.0,0.0,0.0,0.0,0.0,0.0,0.0,0.0,0.0,0.0,0.0,0.0,0.0,0.0,0.0,0.0,0.0,0.0,3.172039237016354e-05,4.008735824658017e-05,4.905509041725063e-05,5.859319790280713e-05,6.866907192409296e-05,7.925065696338602e-05,9.030560669441095e-05,0.00010180124476205856,0.00011370453053456159,0.0001259820299232518,0.00013859978776809115,0.00015152315609567486,0.0001647173789427389,0.00017814774763427678,0.00019177961339693762,0.00020557839890715925,0.00021950960877255114,0.00023353883894666093,0.00024763178507873434,0.00026175424980142597,0.00027587214896062213,0.0002899515167926052,0.0003039585100547217,0.00031785941111650985,0.0003316206300189024,0.0003452204078835947,0.0003586839223268846,0.00037204817443037264,0.0003853502816666128,0.0003986274755479784,0.00041191710151836433,0.00042525662109498257,0.000438683616267994,0.00045223579616676364,0.00046595100600315255,0.00047986723830444966,0.0004940226464513235,0.0005084555605395259,0.0005232045055880316,0.0005383082221208391,0.0005538056891548326,0.0005697361496318884,0.0005861391383398691,0.0006030545123742591,0.0006205224842000354,0.0006385836573819323,0.0006573007982797958,0.000676744209364426,0.0006970194562278918,0.000718241174875977,0.0007405885528431008,0.0007643327927055297,0.0007899292097728477,0.0008174298234747288,0.0008473706269784056,0.0008800348646096684,0.0009160581683427211,0.0009551855566553219,0.0009971641787928295,0.0010458373652368577,0.0011078231456502167,0.0011862857025806677,0.0012607166089821955,0.001274411713164202,0.0012714827498942005,0.0012785904877682878,0.0013192313941564856
-17,0.0,0.0,0.0,0.0,0.0,0.0,0.0,0.0,0.0,0.0,0.0,0.0,0.0,0.0,0.0,0.0,0.0,3.597505927649236e-05,4.727253227395407e-05,5.9348629523185244e-05,7.213173095282473e-05,8.555192806214498e-05,9.953603047062557e-05,0.00011401166857829595,0.0001289060594743839,0.00014414596823114775,0.00015965768037375834,0.0001753669856531665,0.0001912131754473876,0.00020719124163301434,0.00022331020193766516,0.00023957914456252893,0.00025600722799899657,0.0002726036810915037,0.0002893778033500108,0.000306338965515403,0.0003234966103809615,0.00034086025387297637,0.00035843948639349975,0.0003762439744282146,0.00039428346242238987,0.0004125677749279278,0.0004311068190245732,0.0004499010361855615,0.00046891281504894905,0.0004880952582213407,0.0005074017548530627,0.0005267859843119858,0.000546201917066795,0.0005656038128162178,0.0005849462159001541,0.0006041839480273993,0.0006232720983527382,0.0006421660109336159,0.0006608212695933843,0.0006791936802142803,0.0006972392504788213,0.0007149141670732182,0.0007321747703606988,0.000748977526526299,0.0007652789971877245,0.0007810358064592784,0.0007962046054475981,0.0008107420341490092,0.0008246319466223656,0.0008378654154314909,0.0008504735176812225,0.0008624920275424379,0.0008740250745652782,0.0008852689537079377,0.0008966043964211734,0.0009079192579086417,0.0009196185942686164,0.00093178120231139,0.0009448144703131349,0.000958156742099282,0.0009712730066227217,0.0009875243150526346,0.0010123403777337458,0.0010472707892481804,0.001073287876035721,0.0010442961878398297,0.0010009030114026731,0.0009649262046592447,0.0009524306007679454
-16,0.0,0.0,0.0,0.0,0.0,0.0,0.0,0.0,0.0,0.0,0.0,0.0,0.0,0.0,0.0,0.0,3.80556623392439e-05,5.3456360034743824e-05,7.000620290191842e-05,8.758013304011016e-05,0.00010605273753247683,0.00012530109743041207,0.0001451974519668654,0.0001656152529292287,0.00018642735584554107,0.0002075059782161491,0.00022872267726226623,0.0002499483473677316,0.0002710803930102937,0.0002921244713951478,0.00031311346522771866,0.0003340803799674063,0.0003550583347712661,0.0003760805543878914,0.000397180362010493,0.0004183911730969067,0.0004397464901631008,0.0004612798985557189,0.0004830250632082778,0.0005050157263848427,0.0005272857064143332,0.0005498688974180562,0.0005727992700326497,0.0005960977128121445,0.0006197326346257979,0.0006436595936419082,0.0006678344873059103,0.0006922135596376882,0.0007167534058860527,0.0007414109745830158,0.0007661435670405587,0.0007909088343320431,0.0008156647717992425,0.0008403697111241679,0.0008649823100025005,0.0008894615394524767,0.000913766668789543,0.0009378572482930205,0.000961693089586371,0.0009852342437474838,0.0010084409771596457,0.001031273745107593,0.001053693163116164,0.0010756599760216872,0.0010971713020066713,0.0011182345308509473,0.0011389115284380434,0.0011592723485161034,0.0011794816390853968,0.0011998333500308723,0.001220880123978894,0.001242514111868498,0.0012653411427239092,0.0012895342111705287,0.0013157347368104378,0.001343250454728671,0.0013714170242440696,0.0014051025890912828,0.0014523124844140149,0.0015157454091160717,0.0015681930177588932,0.0015414519635953074,0.001493676214712025,0.0014570823258701472,0.0014566430866610716
-15,0.0,0.0,0.0,0.0,0.0,0.0,0.0,0.0,0.0,0.0,0.0,0.0,0.0,0.0,0.0,3.237589239932552e-05,5.14446919287874e-05,7.219881784230862e-05,9.446232902422999e-05,0.00011805921298008184,0.00014281297294464965,0.00016855046207149403,0.0001950920071355854,0.00022225956995619068,0.0002498743137380056,0.00027775655255574713,0.0003057257282884218,0.0003336004152367708,0.00036123902523530285,0.0003886621931692791,0.00041593133010843627,0.0004431080133825532,0.00047025396895152607,0.0004974310555713292,0.0005247012507696501,0.00055212663864256,0.0005797693994813519,0.0006076918012366916,0.0006359561928254544,0.0006646249992840954,0.0006937607187710815,0.0007234259214198559,0.0007536832500429602,0.0007845758355902486,0.0008160686527973293,0.0008481074902104154,0.000880638582471276,0.0009136086248763756,0.00094696478470622,0.0009806547093816273,0.001014626531504687,0.001048828870842438,0.0010832108333107876,0.0011177220070149694,0.0011523124554008864,0.0011869327075690404,0.001221533745799436,0.0012560669903318629,0.0012904842814413348,0.0013247378588432104,0.001358780338456606,0.0013925646865482221,0.0014260441912715186,0.0014591724316084177,0.0014919525741442317,0.0015244024203791378,0.0015566150637337853,0.0015886965319259604,0.001620884847202388,0.0016535999211728632,0.001687625426303203,0.00172284041133357,0.001760117241199836,0.0017997380349291901,0.0018426478630731886,0.0018879344018447076,0.0019347157037163897,0.001989935645968094,0.002065115365581667,0.002164403621983271,0.002249152050545192,0.002220965177465371,0.0021624792821482823,0.002120124510383832,0.002130677605661377
-14,0.0,0.0,0.0,0.0,0.0,0.0,0.0,0.0,0.0,0.0,0.0,0.0,0.0,0.0,2.611573187724157e-05,5.5426104580112136e-05,8.754778597465665e-05,0.00012209872899201856,0.00015869733988430943,0.00019696183721669067,0.00023650956399373543,0.0002769633098871294,0.00031793498184789045,0.00035903922060276556,0.00039988939560546305,0.0004400975894024084,0.0004792746413187671,0.0005170302508050254,0.0005530831073416024,0.0005875913603207967,0.0006208234243689293,0.0006530480245433378,0.0006845341105884434,0.0007155507791860774,0.0007463672042421364,0.0007772525752402112,0.0008084760436823797,0.000840306677627945,0.0008730134243324833,0.0009068650809821956,0.0009421302735122074,0.0009790774434921426,0.0010179748430580247,0.0010589779815349716,0.0011017923336916645,0.0011460116892606036,0.0011912308538113495,0.001237045680581526,0.0012830530779566497,0.0013288509927612026,0.001374038369518688,0.0014182150858277035,0.0014609818639843926,0.001501940158959049,0.0015406920228062215,0.00157683994555338,0.0016099866725730952,0.0016397349983977292,0.0016656875368837656,0.0016874464675750624,0.0017046132580503576,0.0017167883619701324,0.0017235708924612397,0.00172455827039429,0.001719402697939222,0.0017077637044869102,0.0016893696685073769,0.0016639359388433764,0.001631277287346514,0.0015913213787482096,0.0015442220294052524,0.0014891537113751964,0.0014260632001285036,0.001354190340989589,0.0012730770885549198,0.001180755568666051,0.0010753958530706658,0.0009590793040622021,0.0008334489314508925,0.000693638639545393,0.0005226854229304478,0.0003088611225560988,8.694084820883661e-05,0.0,0.0
-13,0.0,0.0,0.0,0.0,0.0,0.0,0.0,0.0,0.0,0.0,0.0,0.0,0.0,0.0,3.5213058544704556e-05,7.486822916347987e-05,0.00011848221563688073,0.0001655734700441294,0.0002156610818551406,0.00026826391515227067,0.0003228996713136204,0.0003790935327777403,0.00043635585721542297,0.0004942007230896605,0.0005521404504500467,0.0006096855493778538,0.0006663447432633257,0.0007216250674003863,0.000775148399002699,0.0008270013286175255,0.0008773871884807905,0.0009265097768006461,0.000974573285167864,0.0010217822319545263,0.0010683414017482616,0.001114455790860011,0.001160330558934739,0.0012061709866867094,0.0012521824397739192,0.0012985703388200024,0.0013455401355864502,0.0013932972952932568,0.001442047285082197,0.0014918987666076508,0.001542573533878739,0.0015936975390509448,0.0016448978041113053,0.001695802424593957,0.00174604055093414,0.0017952423476182233,0.0018430389302786854,0.001889062280868886,0.0019329451410328485,0.0019743208837602745,0.0020128233633866428,0.002048086743962485,0.0020797453059748267,0.002107433231357289,0.0021307843666733706,0.002149431964299933,0.0021630084013747174,0.002171144876202704,0.002173471081741028,0.0021696148557007688,0.002159273201666097,0.002142152455628592,0.002118045990960817,0.002086732479651467,0.0020481188317608857,0.002002260832345807,0.0019495133472295474,0.0018890171828398077,0.0018209140762854305,0.001744486718583029,0.0016594544342770458,0.0015636282375686495,0.0014549931285301207,0.0013369583115602412,0.0012131723087557748,0.001079212492932923,0.0009111136056616602,0.0006809749633630771,0.0004387404467919291,0.00019844357747817354,0.0
-12,0.0,0.0,0.0,0.0,0.0,0.0,0.0,0.0,0.0,0.0,0.0,0.0,0.0,1.8161107181809836e-05,6.541328131284569e-05,0.00011860181337449598,0.00017715410523400744,0.00024049988891309594,0.00030806964988418006,0.0003792935270968587,0.00045360007079317907,0.0005304283844903246,0.0006091968514694799,0.0006893292329094348,0.0007702468980654563,0.0008513687115313235,0.000932111009305657,0.0010118876643435584,0.001090196051975099,0.0011668756031707212,0.0012418520746965817,0.0013150519699491193,0.0013864025313775486,0.001455831730455154,0.001523268255244834,0.0015886414956049679,0.0016518815260818747,0.0017129190865350931,0.001771685560541279,0.001828112951621816,0.0018821338573382226,0.001933681441298127,0.001982689403113013,0.00202914302300338,0.002073232320423118,0.002115198703032828,0.0021552838099069965,0.002193729452632839,0.0022307775710539417,0.0022666702036402537,0.00230164947246195,0.002335957582744338,0.0023698368369842854,0.0024035296636156205,0.002437278660221612,0.0024713266513068507,0.0025059167606588345,0.0025412924983510728,0.002577697862464882,0.002615377455636036,0.0026545766165653197,0.002695541566668808,0.002738519572084505,0.0027837591212969805,0.002831603743808998,0.0028824244560485906,0.0029367355853332265,0.0029950788638535473,0.0030582526052844697,0.003127414019887016,0.0032044405487076256,0.0032895424654576766,0.0033848780384151756,0.0034915651438788037,0.003612110741297941,0.003745503665054309,0.0038907980514881965,0.004063009461355435,0.0042876935616000846,0.00457683150949023,0.004851341427988489,0.004893978681898667,0.004875306880532309,0.004897615031198201,0.005050671280098148
-11,0.0,0.0,0.0,0.0,0.0,0.0,0.0,0.0,0.0,0.0,0.0,0.0,0.0,3.2286412767661944e-05,0.0001009964923739246,0.00017811517784729178,0.00026278066145309716,0.0003541344936690037,0.0004513192457165873,0.0005534769263374014,0.00065974719629588,0.0007692850090328049,0.000881215162703301,0.0009946703445518701,0.0011087798241744995,0.0012226693242935096,0.0013354610251567595,0.0014462737035189303,0.0015543505790688353,0.0016594436371722236,0.0017614332713657994,0.001860201023567473,0.001955629566541864,0.002047602682440113,0.002136005237486641,0.0022207231528859925,0.0023016433720228205,0.002378653824027503,0.0024516433837787795,0.002520501828413216,0.0025851197904092444,0.0026453887073109653,0.0027012007681539683,0.0027525474627490116,0.0027998151911153442,0.0028434890869748933,0.0028840542525611816,0.0029219956612170895,0.0029577980893248697,0.002991946077484279,0.003024923920850137,0.00305721568854344,0.0030893052720602754,0.0031216764626201725,0.0031548130574201396,0.003189198994792467,0.0032253185183034393,0.0032636563698763854,0.003304698012076134,0.0033489298797529845,0.00339683966131287,0.003448916609956757,0.0035056518853166054,0.0035675389260078245,0.003635194049023017,0.003709271118185022,0.0037906125071968558,0.0038801034833239713,0.003978973443331895,0.004088940308314099,0.00421270277933338,0.0043508182073290404,0.004506454401634605,0.004681473049938728,0.0048796702618626,0.005100171930536914,0.005342163999952938,0.005626899350929581,0.005991099571531417,0.006453685740018511,0.006904681664215063,0.007031410727969006,0.0070716725872071685,0.007172463779029784,0.007467989352471775
-10,0.0,0.0,0.0,0.0,0.0,0.0,0.0,0.0,0.0,0.0,0.0,0.0,9.63185786142486e-06,9.181448630803868e-05,0.00018636023383347602,0.0002922334138763281,0.0004084016724038909,0.0005338372141678879,0.0006675133479104404,0.0008084024565818924,0.0009554735942331612,0.0011077180180056666,0.0012640835341192495,0.001423529762662839,0.0015850115955725668,0.001747478945683383,0.0019098766561986026,0.0020711445719382594,0.0022302745109363553,0.002386482742865449,0.0025390433902482508,0.002687232322860217,0.002830327281774941,0.002967607981055626,0.0030983561871607912,0.0032218557761543973,0.0033373927688296443,0.003444255343871991,0.0035417338292002333,0.003629120671635059,0.0037057103850521144,0.00377079947718153,0.0038236863552179503,0.003864057117111236,0.003893142236441368,0.003912557007551969,0.003923915078972773,0.003928828200457964,0.00392890606737374,0.0039257562620102285,0.003920984291389995,0.003916193721166726,0.003912986405253122,0.003912962810886431,0.003917722438933164,0.003928864339351401,0.003947987721869632,0.003976692662105386,0.00401658090353531,0.004069256755940905,0.004136328091191668,0.004219407437490162,0.004320113173492616,0.00444007082403489,0.00458106592947443,0.004744947263019148,0.004933832223569219,0.0051499433814332736,0.005396034222227358,0.005675655469129128,0.005993959366365225,0.006353352332764603,0.006760241953382106,0.007219532428921666,0.007739512521919367,0.008321518445880858,0.008966795770236837,0.009714457134512034,0.010635104805306236,0.011774026996377642,0.012938632907409015,0.01352442838749265,0.01395088412637927,0.01450098360584065,0.015460037560444489
-9,0.0,0.0,0.0,0.0,0.0,0.0,0.0,0.0,0.0,0.0,0.0,0.0,7.393255584390142e-05,0.00019775427820192945,0.00033876549125200765,0.0004953777675173862,0.0006660036332573356,0.0008490622205764599,0.0010429737316821554,0.0012461565913449817,0.0014570240033807335,0.0016740227762286665,0.0018955335031498436,0.0021199553741920742,0.002345680817893107,0.0025710952553448154,0.0027945771009841554,0.0030144980120035683,0.0032293326030368606,0.00343798931510082,0.0036394876744702156,0.0038328498984715968,0.004017101029498556,0.004191269038758728,0.004354384899876222,0.004505482632500155,0.004643599316092879,0.004767775074090611,0.0048770530286443336,0.004970479226160157,0.005047102533865908,0.005105974507634316,0.005146149231293331,0.005167292145540962,0.0051715053812793595,0.005161497672556257,0.0051399744595995965,0.005109637525424549,0.005073184795515581,0.005033310299829575,0.004992704296371441,0.004954053555639549,0.00492004180532467,0.004893350334772349,0.004876658758884758,0.004872645941343704,0.004883991077281966,0.004913374935815304,0.004963481263172928,0.005036998347530552,0.0051366207470578355,0.0052650511831426675,0.005425002601249191,0.005619200402406876,0.005850578294444706,0.006122164001977803,0.006437353824200226,0.006799719492113341,0.007213588686457031,0.007684451738950886,0.008220134104869853,0.008824895061602285,0.009508665071225686,0.01027953843082731,0.01115065821988178,0.012125400746283266,0.013206882861632038,0.014454426347192198,0.01597669145203361,0.017847427358028228,0.019778390881227882,0.020836601492519556,0.021650998274573684,0.022657695687639583,0.02430842531160079
-8,0.0,0.0,0.0,0.0,0.0,0.0,0.0,0.0,0.0,0.0,0.0,3.26007374604606e-05,0.00018510713067050106,0.00036322214363609603,0.0005647305830002806,0.0007874659882998819,0.0010292579043480045,0.0012879451344105254,0.001561367372495993,0.0018473613798391133,0.0021437562032189583,0.0024484302193303192,0.0027591645862370296,0.0030737684992426556,0.0033900416632224326,0.0037057739648008697,0.004018745482239442,0.004326726835684159,0.004627573643951006,0.0049195123531811,0.005200865902892726,0.005469961191362143,0.005725129330080111,0.005964705846620453,0.006187030836087627,0.006390449061358465,0.006573310002374622,0.006733967854777107,0.006870781478202397,0.006982114294581272,0.007066334136796561,0.0071218130480645864,0.007146927032407377,0.007141071014037273,0.0071077016754395725,0.0070512865036024535,0.006976287068448962,0.006887158436513887,0.006788348853496088,0.006684299694395052,0.006579445679951521,0.0064782153581900495,0.006385031850005863,0.006304313857948633,0.006240476937631707,0.006197935031536428,0.006181102265387576,0.006194395007748121,0.00624223419401955,0.006329047916639485,0.006459274283942012,0.006637364550890142,0.006867786525706307,0.007155028257318555,0.007503850119386266,0.007919148478913852,0.008406322634833152,0.00897104686986076,0.009620060160545722,0.010361770583297014,0.011207939527956196,0.012165714493920704,0.01325021425692619,0.014474349798974809,0.01585844084551551,0.01740924403804756,0.01913302110944807,0.021118009005514835,0.023527573041559724,0.02647753952211713,0.029545115137303967,0.03132600417453753,0.032744706616453186,0.034456997688008896,0.03715716311441321
-7,0.0,0.0,0.0,0.0,0.0,0.0,0.0,0.0,0.0,8.676193039690612e-05,0.00024552097946475967,0.0004387172329862164,0.0006637797917875824,0.0009181448630803866,0.001199254179545732,0.00150464135947705,0.0018318071024768395,0.002178264110927892,0.0025415230935582115,0.002919088686561141,0.003308453485117079,0.003707185690535831,0.0041127045104565225,0.004522475754701454,0.00493395283412305,0.0053445763984138785,0.005751774364856505,0.006152962341451617,0.006545525138551087,0.006926764728798354,0.007293967405219587,0.007644424844682947,0.007975434566523207,0.008284300307976167,0.00856833231661934,0.008824847560097309,0.009051169853480954,0.009244629904670228,0.00940256527829976,0.009522320278645533,0.009601245752059485,0.00963669880947683,0.009626042469548684,0.009568270099878961,0.009468875298478441,0.009334968862521914,0.009173651616703997,0.00899201354608095,0.008797133356690818,0.008596078461854477,0.008395905392088551,0.00820366062669669,0.008026381845346355,0.007871099598284012,0.007744839394291363,0.007654624206038791,0.007607477393149854,0.007610426044052407,0.0076705047385591234,0.007794759734094297,0.00799025357956664,0.008264070162082821,0.008623320193006618,0.00907514714129919,0.00962705193578091,0.010286737064862907,0.011062602401474173,0.011963484789637813,0.012999746617458004,0.014184187826041812,0.015534504790501757,0.01706235648993748,0.01879078068173664,0.02074016057557638,0.0229418797736245,0.025408110278742776,0.028150098641115763,0.03130037919837012,0.03510666885125318,0.039750471613934066,0.04460257005872651,0.04752988841644077,0.04991009345215739,0.05273837716162805,0.0570857670002814
-6,0.0,0.0,0.0,0.0,0.0,0.0,1.4592996233220827e-05,0.0001394533802889895,0.00031798305523558345,0.0005464990925812006,0.00082138536037824,0.0011390714178354572,0.0014957622623229183,0.0018877461965092345,0.002311327168171135,0.002762977479596458,0.003239086414777886,0.0037360599960868258,0.004250296891640297,0.004778183784998101,0.005316087386376374,0.0058604946412920845,0.006407653817448567,0.0069538920735691566,0.007495519565303289,0.008028829463179477,0.00855009853696116,0.00905558831088334,0.009541711534163022,0.010005534259548442,0.010444292986063539,0.0108552318113012,0.011235602736211998,0.01158266588465067,0.01189368963806067,0.012165950685747025,0.012396733991245978,0.012583332675347867,0.012723047816366065,0.012813188168270704,0.012851069797321108,0.012834015637835048,0.012759354967727286,0.01262643004366975,0.01244261177983273,0.01221726741345607,0.01195975041286229,0.011679399454453378,0.011385537962943424,0.011087474212026015,0.010794501982733221,0.010515901776941082,0.010260942583813567,0.010038884197451824,0.00985898008462773,0.009730480802229392,0.00966263796493195,0.009664708764630114,0.00974596104433082,0.00991567893050725,0.010183169029362123,0.010557767194042451,0.011048845871595022,0.011665822040357356,0.01241857636262163,0.01331725901752805,0.014372937736732061,0.0155972720318926,0.017003942145997705,0.01860986951284336,0.02043848471404967,0.022505367002150403,0.024841142893220043,0.02747303663381171,0.030442915727189962,0.033767224458072814,0.037461099446428024,0.041701195274645164,0.0468183502362294,0.053055898109926246,0.05957456818423348,0.06352269317600266,0.06673736644648062,0.07054867606608872,0.0763904322449256
-5,0.0,0.0,0.0,0.0,0.0,0.00011163610049907327,0.0002953288707579331,0.0005564598423919183,0.0008893930059481419,0.0012885027441823932,0.0017482807617579957,0.0022632713952615473,0.002827569374886648,0.003435476108559029,0.004081325185226648,0.004759740178796371,0.005465181203111696,0.0061921323089459135,0.006935061366729549,0.0076884146720478655,0.00844660593517319,0.009204238324500054,0.009955536357562543,0.010694854206118895,0.01141652224480106,0.01211484788839741,0.012784117299325732,0.013418597971185395,0.014013185191055709,0.014565341684582218,0.01507318228178376,0.015534832610746464,0.015948428895281412,0.016312117693017637,0.016624055574659277,0.01688240874514978,0.01708535260749049,0.01723107126995903,0.01731775699746242,0.01734360960774227,0.017306835813124442,0.017205648508473233,0.01703826600597118,0.016805098943820738,0.01651530657693878,0.016180221617087775,0.015811159312547177,0.015419416360407615,0.015016270499918542,0.014612980783451742,0.014220788521738397,0.013850918900302097,0.013514583264442728,0.013222982070725375,0.012987308503693564,0.012818752757456404,0.012728506982895096,0.012727770902496586,0.012827758096252426,0.013039702963662034,0.01337486836865471,0.01384455397619934,0.014460105291510128,0.015232923415089143,0.016175010345473695,0.017298708883565335,0.018617537031610776,0.02014575094387112,0.02190017639090159,0.023901744011841367,0.026179626953854836,0.028752800861241018,0.03165937711466119,0.03493293515959675,0.038625503323436505,0.042756666261917466,0.04734439620798256,0.05261048890477407,0.05896965362723092,0.06672431210186161,0.07481609623170796,0.07966892843949473,0.08359762281346673,0.08827021848901705,0.09547671990932603
-4,0.0,0.0,0.0,0.0,0.0008462966442005735,0.001248320681171829,0.0017329850011052774,0.002293695092782367,0.002924218705188975,0.003618049493582541,0.004368939676233124,0.005170659689911764,0.0060159592653544645,0.006898193877890671,0.00781079261308784,0.008747714004827769,0.0097025519734281,0.010668931797288988,0.011640441236711818,0.012610628437033972,0.013572989213799468,0.014521322108115018,0.015448821156539887,0.016348901195455814,0.01721494721105627,0.018040316345997637,0.018818340921476353,0.01954233248169482,0.020206555799895307,0.02080914848035244,0.02134922926409258,0.02182593045685265,0.02223839720458201,0.022585786738960462,0.02286726759398881,0.023082018794662255,0.023229229018685904,0.023308095732136738,0.02331782429991783,0.023257627071787947,0.02312672244468401,0.02292433390198463,0.022649689030290934,0.02230439314846209,0.021899545467119787,0.021448601835070226,0.020964996643289453,0.020462141765507345,0.019953426306940223,0.019452217157070035,0.018971860342520158,0.018525683176430625,0.01812699720128783,0.017789101922913438,0.017525289334263998,0.017348849228835533,0.017273075304806887,0.017311272062593076,0.01747676250021698,0.01778289661284822,0.01824306070500613,0.018870687526285432,0.019679267244045756,0.020682359269319082,0.02189432887684728,0.023329981667563966,0.025005672191280814,0.0269386834240491,0.029149641125609457,0.03166447195028037,0.03451974265423241,0.037738231047589055,0.041367601925036815,0.045449110895960106,0.05004758290146431,0.05518532943821878,0.060882678494303,0.06742128840024775,0.07532597816626406,0.08497286353510784,0.09500693001213473,0.10090035516628505,0.10561255556135093,0.1112559330906409,0.12007660716229666
-3,0.0,0.0,0.0,0.0023488333245056856,0.003240959957146808,0.004193040495637326,0.00519866472059237,0.006252036356793031,0.007348134523099693,0.00848100035024466,0.009645247188862352,0.010835415536646461,0.012043932385882838,0.013264670895514013,0.014491657388216662,0.015719863062113478,0.01694351013243796,0.01815686109178258,0.01935410202926512,0.020529349879793265,0.021676639762194302,0.022790489263924817,0.023864458001035243,0.0248924777199178,0.02586844513264919,0.02678622535022849,0.027639656253135348,0.02842255380692499,0.029129687192678784,0.029759699651546075,0.030312218005979236,0.030786884947072386,0.03118335795899284,0.03150130822819288,0.03174041953870865,0.0319003871547689,0.03198091669184978,0.031981722977223064,0.03190252890095462,0.031743064258217026,0.03150306458368687,0.03118226997870152,0.03078042393175449,0.030300172133102828,0.02975575298029245,0.029164281241409868,0.028542844049807194,0.027908499905237208,0.027278278702233243,0.026669182780563887,0.026098188992843933,0.025582251784889966,0.025138307285169033,0.024783278400700194,0.024534080918030696,0.024407630609419993,0.02442085134612685,0.024590684222709245,0.024934097698515827,0.0254680987650769,0.026209745150896996,0.027176158578219152,0.028384539089681762,0.02985218046643521,0.031597531514867924,0.033639662456530633,0.0359998481084062,0.03870064485787789,0.041769319994761654,0.045240570816111436,0.049163998627996607,0.05356917324419753,0.05852068257020836,0.06407344292771329,0.07031501844963671,0.0772725937565921,0.08497061121540553,0.09379717725644435,0.10447331285975493,0.11750658430231616,0.13101281052810915,0.13876606170084596,0.1448749205537752,0.15224452815975012,0.16393429541905957
-2,0.0,0.0,0.005745620767302173,0.008007015942731654,0.010210998533450229,0.012360539186520123,0.01445268031086588,0.016486497623931545,0.018462933547371035,0.020380262959276727,0.022238138593757555,0.02403588998572894,0.02576822354539863,0.02743336134852276,0.029029863163204706,0.03055811279468983,0.0320168628019718,0.03340491680156238,0.03472091555320854,0.03596337105195326,0.03713066015961384,0.03822198518739823,0.03923492347035777,0.04016772989256849,0.04101862507330773,0.04178580147977878,0.04246742981453814,0.04306166568400685,0.0435674737693969,0.04398709128559786,0.044323587430253754,0.0445800456932918,0.04475956184605983,0.04486524201941708,0.04490020087226188,0.04486755985176361,0.04477044554635866,0.044611988132375616,0.04439531991497017,0.04412357396387811,0.04379988284433404,0.04342737744335493,0.043009185891451536,0.04255020756555718,0.04206243176270295,0.041559602229583804,0.041055439937460685,0.040563642964379185,0.04009788720102472,0.039671827876164384,0.039299101897942175,0.038993331007815595,0.03876812574464483,0.03863709021737165,0.038613827685852045,0.03871194695073376,0.03894506955479975,0.03932683779993187,0.039870923585788615,0.04059103807844116,0.04150094221957844,0.04261445808948096,0.04394548113978437,0.04550799331511654,0.04731764161275164,0.04939079067811557,0.05174669522481213,0.05440586177723902,0.05739458463572877,0.06074792901000536,0.06451854730175906,0.06872993948203743,0.07344885566204372,0.07872601216475499,0.0846489908564261,0.09122917497936084,0.09847608410678448,0.10681486975354022,0.11701771793269738,0.12957728179659095,0.14236521157546198,0.14872485225400617,0.15327521615385742,0.15912832450041564,0.1694069252946216
-1,0.0,0.018230267912884412,0.025344161999965385,0.031814163077888376,0.037690906213200946,0.04301261981158732,0.047797925340718694,0.052074336614966986,0.05587521699373035,0.05922526555280309,0.06215339462851593,0.0646873133519487,0.06684255078260756,0.06864494934564525,0.07012124732654222,0.07130239436093952,0.07221505026393193,0.07288593335486548,0.07334135718227293,0.07360736289083963,0.07370974973249236,0.07367596475179246,0.07353028406859807,0.07329844424560698,0.07300618433318429,0.07267925282991312,0.07234341069871673,0.07202443043524275,0.07174309348756878,0.07150018875338933,0.07129150105949907,0.07111280995115542,0.07095989125040336,0.07082851848877537,0.07071446421359442,0.0706135011673055,0.07052140333944285,0.07043394689100665,0.07034691095117156,0.07025607828638465,0.07015723584202656,0.07004617515691133,0.06991869265098537,0.06977278666336165,0.06961524234456888,0.06945503059798251,0.06930110940365389,0.06916242395373777,0.06904790732539409,0.06896648168877542,0.06892706004795221,0.0689385485130048,0.06900984910201723,0.06914986307234912,0.06936749478133242,0.06967165607744354,0.07007127122403754,0.07057528235890055,0.07119265549418292,0.07193238706272069,0.0728035110183406,0.0738151064994794,0.07497630606733736,0.07629630453183611,0.07778694035496247,0.0794608827514204,0.08133489039493838,0.08342673525447819,0.08576173093610566,0.08837597461344071,0.09132720777587666,0.09462729146306303,0.0983451573639043,0.10252197662060875,0.10724185538000268,0.11248685691554418,0.11823979380352811,0.1249729520362143,0.13350925889527557,0.14428351354062235,0.1548435615491793,0.15814715750292563,0.159489953312609,0.1621773531836214,0.16925892372781862
0,0.038597888600564526,0.05318832902600357,0.06628924970339731,0.0779331896463916,0.08822708662329952,0.09725556421439453,0.10506377814558593,0.11172092296752636,0.11730945485693899,0.12189348115917828,0.12554636165949584,0.1283389560159942,0.1303183656147937,0.13155300672263662,0.13211306080149893,0.13207646630017947,0.13151277803731434,0.13049162794886682,0.12908189626966804,0.12735199944450662,0.12536998103820848,0.12320670582340301,0.12092770525733204,0.11860110876482712,0.11629511742516323,0.11407800857427405,0.1120181299514926,0.11018388337087602,0.10862947375093766,0.10735219340625611,0.10633506416598495,0.10556106589209761,0.10501314459662557,0.10467422005777763,0.10452719292995905,0.1045549513436605,0.10474037699207421,0.10506635070212046,0.10551575748832806,0.10607149108870831,0.10671645798239361,0.10743358088937437,0.10820580175316774,0.10901770345944327,0.10986036723437381,0.11072651228470146,0.11160887692843506,0.1125002191128544,0.11339331649625492,0.11428096609642577,0.11515598350876259,0.11601120169671449,0.11683946935695755,0.11763364886127468,0.11838661377660185,0.11909124596408069,0.11974043225722796,0.12032706071850274,0.12084401647261427,0.12128417711386887,0.12164040768370174,0.12190555521327233,0.12207244282462192,0.12213386338238871,0.1220866094000026,0.12192821772288505,0.1216615835230558,0.12128952012955294,0.12082351970547026,0.12028618343612381,0.11972245822615282,0.11910859569500559,0.1184879875237295,0.11785827547995147,0.11725628145353965,0.11659590879014635,0.11579836917817417,0.11524341882023456,0.11551034878867458,0.11668418746901654,0.11658948272247395,0.11039974917132328,0.102755229460905,0.0959540736526322,0.045730066312218494
1,0.07207922417613265,0.08360955477471717,0.09403073736066696,0.10323458590862979,0.11129666554739491,0.118279029353408,0.12420547097504567,0.1291355835094484,0.133146022568525,0.13629314285941233,0.13864469512876826,0.14026599623292904,0.1411969268282249,0.14150125765667246,0.141244681335916,0.14050112351099225,0.13933548165371093,0.13781277904513387,0.13599728372734796,0.13395281447054716,0.13174283153650004,0.12943378422801116,0.12708653694252683,0.12476469481211225,0.12253193931933794,0.12045202724330112,0.1185887798424207,0.11700606225527996,0.11575412343938052,0.11482866492957003,0.11421170542268946,0.11388521662161721,0.1138311323260143,0.11403135699267083,0.11446777375983391,0.11512225193094748,0.1159766539142149,0.11701284161531235,0.11821268228142816,0.11955805379558236,0.12103084942089011,0.12261298199507221,0.12428638757608435,0.1260326682687195,0.12783201850832754,0.12966431609300083,0.1315094852337111,0.1333474970349903,0.13515836877079093,0.13692216196289939,0.1386189792688616,0.14022896018566972,0.14173227557444748,0.14310912101007406,0.14433970895809062,0.14540425977935342,0.14628299156071922,0.14695610876758197,0.14740378971131604,0.1476061728216105,0.14754334171030695,0.14719530900965605,0.1465419989638846,0.14556322874859615,0.14424345780299214,0.14256772223831937,0.14052681362162994,0.1381105155013971,0.13531714408806428,0.13215496743146893,0.1286523093229319,0.12475805305746923,0.12048816676655624,0.1158032823298009,0.110694870848071,0.10502938961243241,0.09868528514724136,0.09191342332412424,0.08500791931505014,0.07774098282640093,0.06845798408826573,0.05487104353975661,0.040453923440122254,0.013168843455434816,0.0031068579441358565
2,0.09825327194859065,0.10201815960605676,0.10566018902212264,0.10889276852685575,0.11171489010068734,0.11412902791643803,0.11611223945820494,0.11768361933840812,0.11887999640471786,0.1197208952400523,0.1202371356000088,0.12045792980539703,0.1203912505117025,0.12006610643014186,0.1195131551042055,0.11877000955704572,0.11786667265657039,0.11683332849190277,0.11569958525200663,0.11449471562005778,0.11324771162791238,0.11199015677510678,0.11074883279250973,0.1095528461758595,0.10843134479914329,0.10741351484974297,0.10652857329441545,0.1058057558669832,0.10526884384973413,0.10491977236821404,0.10475498830165599,0.10477090918709503,0.10496392687063881,0.10533041105858994,0.10586671276546532,0.10656916765632261,0.10743409928115316,0.10845782219944126,0.10963664499331433,0.11096687316802195,0.1124448119387801,0.11406676890330136,0.11582905659960227,0.1177234288281726,0.11972340001155818,0.12179797366384583,0.12391621553533717,0.12604725508406375,0.1281602850889562,0.13022455941522873,0.13220938894202694,0.13408413566141103,0.13581820495631589,0.13738103606324237,0.13874209072310073,0.1398708400208388,0.14073674941125408,0.1413092619246962,0.14155777954222012,0.1414516427251354,0.14096010807880463,0.14005232412496194,0.13869730515073267,0.13686390309591198,0.13452522542110837,0.13165464949199499,0.1282304098725673,0.12422898875609624,0.11963328900101355,0.11443265437355088,0.10862944498622279,0.10215335197472318,0.09498562111713504,0.08705454235417188,0.07830311947834,0.0685755748700026,0.05773017460775529,0.04581967527992071,0.03276167114662163,0.01804021592741386,0.0009355886144108702,0.0,0.0,0.0,0.0
3,0.10583858779985088,0.10533235263757565,0.1052259449762742,0.10515663642178773,0.10508275432142498,0.10497474515918966,0.10478587882868201,0.10451213003929932,0.10416647031728878,0.10374718555399798,0.10326310993167424,0.1027219954245194,0.10211384810637347,0.10144693576719083,0.10073093301705145,0.09998136843120195,0.09920736777218006,0.09841825321671385,0.09762289865732461,0.09682992191139315,0.0960477188849477,0.09528689490310659,0.0945539828647735,0.09385747365016797,0.09320588247876387,0.0926077462403568,0.09207161951980179,0.09160606931027361,0.09121880105473387,0.0909140455269868,0.09069515078104713,0.09056544862165063,0.09052825506820787,0.09058687092348224,0.09074458244580552,0.09100466212363269,0.09137036955123466,0.09184495240434226,0.09243164751458134,0.0931336820415776,0.09395427474166321,0.09489663733218234,0.09596397595046996,0.09715476203867086,0.0984485563547906,0.09982022885734766,0.10124469603923136,0.10269692264965533,0.10415192190806465,0.1055847542182745,0.10697052439078927,0.10828437738055055,0.109501492546287,0.1105970764361993,0.11154635410290487,0.11232455894839427,0.11290692109721316,0.11326865429317576,0.1133849413116398,0.11323091787571507,0.1127816550607364,0.1120121401668933,0.11089725603505733,0.10941175877557159,0.10753380940881996,0.10524178845686719,0.10251796759941463,0.09934323406324727,0.09570363795063948,0.0915904357128928,0.08700540438131345,0.08189225643336466,0.0762361257418761,0.06997988423270533,0.06307845637343043,0.05540747462922851,0.04685369647567009,0.03746249995784469,0.027175050198350866,0.015584910885408497,0.0020984031856858,0.0,0.0,0.0,0.0
4,0.10339043071960112,0.10031534317824846,0.09793646018384669,0.0958682534702841,0.09404646074509238,0.09242341161954404,0.09094041982512374,0.08957906406416359,0.0883363469188535,0.08719715274870803,0.08615576206536422,0.08520576484848938,0.0843262889642191,0.0835118334747545,0.08275806571052968,0.08206545823815703,0.08142923332576417,0.0808448058338164,0.08030724839370458,0.07981144160534943,0.07935209342293979,0.07892574444096945,0.0785255700223322,0.07814635347290207,0.07778289090042516,0.07742998953706803,0.07708246685870002,0.07673515049813297,0.0763848804980691,0.07603650983997183,0.07569689021614591,0.07537286751739453,0.07507128027106677,0.07479895828701509,0.07456272151154719,0.07436937908921881,0.0742257286320985,0.07413855569595015,0.07411463346261771,0.07416072262776344,0.07428357149300417,0.07448991626140831,0.07478648153526284,0.07517627721318641,0.07564749813437009,0.07618465516194295,0.07677228393589845,0.07739494647958707,0.07803723187527063,0.07868375601356051,0.07931916042145185,0.07992811017332366,0.08049529088870376,0.08100540481979818,0.08144316603075955,0.08179329466941798,0.08204051033072134,0.08216952450942752,0.08216503213765954,0.08201170220076844,0.08169416742254634,0.08119701300818695,0.0805047644304908,0.07960187424165521,0.07847530262389268,0.0771122392135738,0.07550284792234602,0.07363650206071395,0.07150675860499262,0.06911174677839706,0.0664588235794356,0.06351270575517874,0.060271326801077385,0.05670226678783868,0.05278579017556582,0.048439579130404725,0.043588623037001575,0.03831566223787499,0.03267642014563904,0.026459161668347546,0.009501452064699352,0.002489814923844654,8.598485129257953e-05,0.0,0.0
5,0.09159901892942511,0.08772100136742672,0.08460104971877586,0.08188322244449786,0.07949965904208167,0.07739934276468793,0.07552406519397996,0.07385064766276965,0.07236906201396795,0.0710595299113095,0.06991020072603478,0.06890877628852747,0.06803139264155693,0.06726672310062569,0.0666043868560067,0.06603787085995684,0.06555644617015609,0.0651495556551895,0.06480638018604616,0.06451595490862311,0.06426717985493376,0.06405044250399745,0.06385340342142765,0.06366501890193897,0.06347425102309508,0.06327006682879358,0.06304143920393517,0.06277734943887606,0.0624697420016094,0.06212237579316682,0.06174196436947766,0.061335221999637105,0.060908861509729184,0.060469592328916556,0.06002411873848281,0.059579138324226184,0.0591413406323407,0.058717406028685026,0.05831400476112828,0.05793779622447842,0.05759542842733968,0.057293537660113504,0.05703874836325122,0.056835641850693785,0.05668066727155626,0.05656824487293342,0.056492799941358585,0.05644876395263375,0.05643057538481868,0.05643268019584427,0.05644953196727254,0.05647559171569734,0.056505327373168664,0.056533212937829355,0.05655372729567731,0.056561352714007446,0.05655057300664897,0.05651587137059102,0.05645172789298674,0.0563526167268379,0.05621300293289081,0.056027338984415496,0.05579006093059289,0.055495584213194955,0.05514012230203572,0.05472016643420034,0.05423452269939504,0.05368180599606197,0.05306426083946899,0.05238862477336187,0.051670687121359665,0.050895779309514735,0.05007753616292575,0.04920902841142488,0.04829867342851814,0.04730306314025117,0.04618262055449157,0.04507812065145831,0.04419227799732797,0.021758480638697463,0.010553035263051564,0.004825610743876112,0.002154819557386758,0.0009571827700575865,0.0004290851856118038
6,0.09314287597216432,0.08685665747796688,0.0815958889098641,0.076972673677177,0.0728987818090045,0.06930733092057796,0.06612940030165092,0.06333034122487302,0.06088774240740476,0.05877134899902271,0.0569580992040746,0.05542480835568198,0.054139318706874315,0.053079871540435246,0.05222546841259532,0.051558126566027845,0.05105655204412181,0.05069962279340107,0.05046604508856975,0.05033443748086151,0.05028333001207189,0.05029242867985259,0.05033930970224044,0.05040255662191379,0.05046075103172209,0.050492471022133216,0.05047629291105388,0.05039079625682195,0.05021961615839113,0.049966580333958205,0.049640571482188714,0.04925047899993519,0.0488051956887079,0.04831361472733454,0.0477846269122063,0.04722711816609091,0.04664996731610885,0.046062044141118655,0.04547220768844122,0.04488930485957116,0.0443221692642755,0.04377962034226781,0.043270462751466426,0.042801503795769746,0.042371610713509276,0.04197766506497382,0.04161654711036303,0.04128513682440697,0.04098031472156948,0.04069896249231073,0.04043796345097978,0.040194202795953766,0.039964567682640284,0.03974594710991126,0.03953523162044291,0.039329312815294955,0.03912508268287558,0.038919432742204906,0.03870925300010979,0.03849143072165623,0.03826284901275032,0.03802038521341747,0.03776090909979534,0.037481280892354786,0.037179578385625155,0.036854066906370594,0.036504577341561484,0.036130828545034833,0.03573502035319461,0.03532245331436959,0.0349046816627263,0.03447291160370241,0.034037727737413516,0.03359614880187943,0.033156094883314634,0.03269041348988651,0.032174491206980425,0.03171035157188105,0.015724777772722145,0.007850573180455622,0.0038718181842331495,0.001806741196178413,0.0008270605536169857,0.0003788860501576823,0.0001765997607743081
7,0.07477508507504443,0.06953105581171823,0.06513689137287725,0.06127847425654231,0.057882872349330816,0.054894668593576154,0.05225724455368141,0.04994138847467819,0.047927631627980784,0.04619037202517059,0.04470971904813524,0.04346571162352217,0.0424313792585249,0.04158792649594555,0.04091715452486934,0.04040322835399819,0.04002772245092925,0.03977234986490484,0.03961869203410864,0.039548263323011965,0.03954250914534427,0.03958380008159345,0.03965283114343576,0.03973108759196486,0.03980005193704147,0.03984120297222801,0.039836017647596346,0.039765975781214574,0.03961691425909441,0.03939207167798315,0.03909904360258808,0.03874543216912568,0.03833884318207531,0.03788688343836309,0.03739715828025242,0.03687726937785372,0.0363348127418297,0.03577737696656593,0.03521254170379844,0.034647876366442135,0.03409093906214378,0.03354927575589546,0.03303041966088274,0.03254019091242978,0.032077599861039155,0.031639953057728105,0.031224554825734878,0.030828707954994573,0.030449714233197086,0.030084874813678886,0.029731490420451763,0.02938686139068156,0.029048287554899556,0.02871306795515697,0.028378500401221404,0.028041880864761084,0.027700502711269368,0.027351655769248338,0.026992625235894678,0.026620690418214875,0.026233123308137266,0.025827186989786557,0.02540013387663898,0.02494920377578394,0.02447243094083191,0.023967925041261228,0.023434740353695947,0.02287173341209525,0.022279162287603144,0.021658911594298242,0.021016164892953822,0.020343235104887232,0.0196436267744909,0.018912113855659118,0.018148921116862976,0.01733427617883291,0.016450582721844697,0.007771611232223054,0.0036674625651541013,0.0017257854535109754,0.0007919896955539346,0.00033779646459629716,0.0001376961548484651,5.39303106790954e-05,2.0029615486376845e-05
8,0.06422312965294978,0.05920073639704171,0.0549660524492404,0.05124347602886234,0.047966056674305105,0.0450828269232689,0.042542951647731225,0.040318838401232085,0.038391016236433824,0.0367352014368713,0.035331826886305776,0.03416133889894187,0.033198766483804425,0.03242564792272249,0.03182399026958287,0.03137763542580667,0.03106841127460603,0.030878264642902373,0.030789049825410992,0.03078257636385495,0.030840604636709498,0.030945619987346604,0.031078801519829672,0.031221941749342053,0.03135682851883221,0.03146524398187818,0.031528966376740186,0.03152977459295207,0.0314536029926885,0.03130298929486611,0.031084629196186153,0.030805225651229954,0.030471486198106898,0.03009012048422748,0.0296678379934522,0.029211345975537296,0.02872734757849181,0.02822254018418073,0.027703613947253798,0.02717725053725096,0.0266501220835324,0.02612889032250427,0.025620205946460358,0.025129271052799013,0.024655530198394403,0.024196986458555874,0.023751639680020767,0.023317486899099366,0.022892522638638106,0.02247473908379916,0.022062126136676616,0.021652671349761125,0.021244359738225728,0.020835173470936306,0.02042309143998997,0.02000608870845452,0.019582135835820618,0.01914919808048687,0.01870523447837406,0.01824819679651038,0.017776028360141156,0.017286662751596123,0.01677802237879139,0.016248016910851794,0.015695060524778537,0.01511757512558434,0.014514516598520318,0.01388461233432252,0.013227299368089945,0.01254272165967589,0.011832478174810727,0.011090397282710147,0.010316225208608696,0.009504345865772177,0.00865130305381761,0.007743416074948004,0.0033844141647289302,0.0014349786841929822,0.0005826806512331254,0.0002184675149944051,6.717652167646423e-05,9.630163282952676e-06,0.0,0.0,0.0
9,0.056918341225076025,0.05177460699901137,0.04740484795862187,0.04355731112568806,0.040167154976704436,0.03718495271604148,0.03456295233575304,0.032273602912538606,0.030296218753960245,0.028606459232315515,0.02718390993458981,0.026008267739812966,0.025055240326597145,0.02430561511165541,0.023740535768761027,0.023342509151657392,0.02309254126634821,0.022971743736499076,0.022961174096595566,0.02304186778188224,0.023194830280885866,0.023401617755967778,0.023642804933587253,0.02389942289186856,0.024152494898992297,0.024383034965898578,0.024572049307513704,0.02470054071487234,0.0247535867781704,0.024732559880005254,0.024642914466918648,0.02449011358086938,0.02427962647827287,0.024016926411396564,0.02370748857335737,0.02335678820768152,0.022970298883120754,0.022553490934173012,0.022111830067531268,0.02165077613448008,0.021175782069076835,0.020692292991793138,0.020205745478151734,0.019720692880210132,0.019238183779387512,0.018758386271944587,0.018281462445684085,0.017807568474219302,0.01733685472044333,0.016869465848570984,0.016405540944146355,0.01594521364143172,0.015488612257617797,0.015035859933321518,0.014587074778864263,0.01414237002585233,0.013701854183610137,0.01326563120004727,0.012833800626570874,0.012406457786686632,0.011983693947963257,0.011565596497067957,0.011152249117612919,0.010743731970586111,0.010340463777816299,0.009942873544428498,0.009551756263807413,0.009167788629275761,0.008792178373589254,0.00842672665087398,0.008074458656859653,0.00773345891765651,0.007406240008962416,0.00709214777024204,0.0067928354968744085,0.003251399854863707,0.0015544202634092156,0.0007446812979070494,0.00035931564401256406,0.0001747370573162418,8.405677032647318e-05,3.8322328023912046e-05,1.7175077437953945e-05,7.723671026203563e-06,3.5459431260455756e-06
10,0.045334431260778116,0.041157917658063356,0.037607862317569844,0.034482828867222676,0.031730492136918594,0.029310953403097535,0.027185824367067166,0.025332762395375845,0.023734858621435654,0.022372360384932594,0.021228615958530504,0.020287074087055282,0.0195280871404304,0.018935981088233734,0.018495359661595108,0.01819188890379037,0.0180100676921004,0.01793447954067158,0.01794966768790651,0.018040159324592006,0.01819045867385105,0.01838550237654682,0.018609457117289417,0.01884684602285637,0.019082185048087723,0.019299981730282714,0.019484736316846614,0.019620945268366927,0.019696294190869122,0.019711225269149587,0.019669377093517338,0.019574395862141197,0.01942993362716085,0.019239646648660333,0.019007193857504042,0.018736235427831052,0.01843043145981163,0.018093440773092013,0.01772891981118926,0.01734052165694795,0.016931895159034413,0.016506684169322328,0.01606852689091591,0.01562073635288729,0.015165342895428102,0.014704050559777918,0.014238555807886487,0.013770547393740156,0.013301706336424392,0.012833705993893923,0.012368212236443243,0.011906883718916194,0.011451372250763812,0.011003323263154452,0.010564376372458955,0.010136166039575824,0.009720322324727344,0.009318471737546916,0.008932238182490773,0.008563243999844001,0.008213111102851592,0.007883462211790928,0.007575922186112853,0.007292119456116043,0.0070339201279331805,0.006803211709739077,0.00660216121536561,0.0064329107878573185,0.006298070857732363,0.006200860872635704,0.006145751289092608,0.006133925178137097,0.006170399285419248,0.006258356206944079,0.0032018745021392715,0.0016516630794815585,0.0008584707068764602,0.0004510301896410052,0.00024070687973330284,0.00013054972611419334,7.060504804555562e-05,3.647355812248196e-05,1.866370858648446e-05,9.655205987947428e-06,5.1378655087889225e-06
11,0.03844938878647196,0.03467321033112444,0.031451375078016236,0.02861074555595846,0.026105299884597314,0.023899966740623984,0.021961486836225508,0.020270071848310926,0.018810422264888788,0.01756503845283861,0.016518959813101974,0.015657344315871364,0.014963019368354811,0.014421937003154996,0.014020263182503814,0.013744965268084495,0.013582124279713084,0.01351789257899249,0.013538398680155796,0.01362976430807416,0.013778097386547741,0.013969836098723416,0.014190836418146132,0.014427222884275732,0.014665113117421535,0.014890616445905511,0.015089834661009915,0.015248864901910398,0.015356560182535686,0.015412801887678547,0.015420235116321976,0.01538151193331459,0.01529928998092036,0.015176231168426639,0.015015000440661204,0.014818264626111095,0.014588691365186793,0.014328948119036476,0.014041701259185904,0.013729615238160697,0.013395351841139056,0.013041569518584739,0.012670922799722246,0.012285979590790978,0.011888973560329995,0.011482049270279095,0.011067343859939537,0.010646986805844014,0.010223099810060754,0.009797796815841031,0.009373184149532204,0.00895136078772331,0.00853441874866603,0.008124443607120715,0.007723515131914412,0.007333708045665393,0.006957092906326298,0.006595737110425751,0.006251706018146229,0.005927064200664465,0.005623876810500045,0.005344211075969093,0.005090137921223544,0.004863733713774157,0.004667236460956232,0.004502901666359811,0.004373179349158781,0.004280523710114023,0.0042277405016836805,0.004218121821504787,0.004255961039727777,0.004343487649466505,0.004485817350802595,0.0023435444955158557,0.0012384636979480626,0.0006610627674571452,0.00035586250833700983,0.00019365553747377945,0.00010697822528441172,5.998206837535736e-05,3.34795865215882e-05,1.781342819269811e-05,9.367844826424015e-06,4.969244083539734e-06,2.7053091038779575e-06
12,0.02844281809068059,0.025720656925726462,0.023399190516435773,0.02135136346413191,0.019543933843347353,0.017951625119087957,0.01655034361070623,0.015325999557706868,0.014267854091299898,0.013363481144230997,0.012602356610765248,0.011974034262137404,0.011466269821948706,0.011069194827313103,0.010773104163058708,0.01056890875210919,0.010446838005224328,0.010397174202216542,0.01041017969461045,0.010476110493084747,0.01058521138030341,0.010727980555098448,0.010894468994842789,0.011074934349614521,0.011259629188289525,0.011438799791424136,0.01160268643815721,0.011741525188847066,0.011847306815884437,0.011919048218541634,0.011957527703530375,0.01196352887829372,0.011937839958057358,0.011881253095077413,0.011794563730626973,0.011678569970193219,0.011534071982289075,0.011361871421218238,0.011162770874070069,0.010937573332161592,0.010687081687087494,0.010412098251485721,0.010113424304576466,0.009792228089217701,0.009451148080412213,0.00909318436239225,0.008721329210545749,0.008338566661142036,0.007947872261210142,0.007552212997291511,0.007154547401790745,0.006757825835694822,0.006364990946521852,0.005978978300494804,0.005602717188113105,0.005239131602515467,0.0048911413902902635,0.004561663574695757,0.004253613851601128,0.003969908258851536,0.0037134650201966425,0.0034872065654033705,0.00329406172870138,0.0031369681282854937,0.0030189745506357083,0.002943153397558282,0.0029127293512496637,0.0029309787821852028,0.0030015001373794683,0.0031283890382328857,0.00331676183795966,0.0035704844215696248,0.0019480130013674534,0.0010748841480093727,0.000598727854340309,0.00033575858162709313,0.00018912055590198463,0.00010720536987572169,6.140878788445549e-05,3.554529565194041e-05,2.0396978340374997e-05,1.1115169621036768e-05,5.966535219409792e-06,3.221009089306612e-06,1.779953376290376e-06
13,0.02033894325196225,0.018509332276702053,0.016954992696022925,0.01558623049938682,0.014380112742692925,0.013319197755686605,0.012386623677666882,0.011572751459630898,0.01087039898237297,0.010271071146531951,0.00976767914157675,0.00935317337755194,0.009019067497090303,0.008758698413627293,0.00856553083093769,0.008433521736079976,0.008356087838050958,0.008326684071858863,0.0083387459001004,0.008385700737482037,0.008460964931218137,0.008558155865738434,0.008670532773503116,0.008791520523608893,0.0089145405233518,0.009033009966538334,0.009140342090121137,0.009229947440297119,0.009296377839884186,0.009338754490660434,0.009357344389824064,0.009352418372164021,0.009324250686192245,0.009273118577420827,0.009199301879155368,0.009103082611136131,0.008984744586319541,0.008844573026054329,0.008682854183869418,0.008499874978054335,0.008295922633177726,0.008071284330655341,0.007826246868446098,0.007561490661793384,0.007279270865273914,0.006982231209761567,0.006673008765608813,0.0063542335649033116,0.006028528382503031,0.005698508674746989,0.005366782674740613,0.005035951643156111,0.004708610273568355,0.004387347251465511,0.004074745966230361,0.0037733853755828727,0.0034858410222068257,0.0032146862025534046,0.002962493288122565,0.0027318351998693213,0.0025252870367673385,0.0023454278599872778,0.0021948426346134688,0.0020761243313309552,0.0019919420533235275,0.0019449843097017522,0.001938048955293219,0.001973985641831524,0.002055890968232613,0.00218725708300911,0.002372388508268225,0.0013074106455958623,0.0007300210690880901,0.0004117052847128433,0.00023394641488419472,0.00013355023411101749,7.640784151371868e-05,4.390281101991728e-05,2.544225683818465e-05,1.4873789006624309e-05,8.607543918347968e-06,4.724463688419082e-06,2.551595130114759e-06,1.3846373371768633e-06,7.685464923339216e-07
14,0.014318994384947584,0.013118723834866931,0.012102905856835006,0.011209414889932713,0.010422875194138715,0.009731619560006633,0.009124190723186444,0.008594267150115176,0.008137300482726395,0.007747739805454918,0.007421057651875999,0.00715274205919588,0.006937161338725887,0.006770057177219014,0.006647268910540393,0.00656501930945939,0.006519112868678098,0.006505381402947795,0.006519639431981394,0.006557693444972452,0.006615340057464519,0.006688532302908145,0.006772942838944918,0.0068643738849741565,0.006958625121501316,0.0070514930935055955,0.007138771257621766,0.007216250674003863,0.007280302200819969,0.007329621256695873,0.007363486903454417,0.0073811811354075356,0.00738198882515585,0.007365197646976499,0.007330097978005165,0.007275982777425294,0.007202147443881374,0.007107889651334314,0.006992509163575007,0.006855307627607701,0.006695588346107238,0.0065126560291442455,0.006305816525359433,0.006075043088582201,0.005822973569654065,0.00555290644032826,0.005268133066426671,0.004971937249537173,0.004667594966937441,0.004358374308498611,0.004047535609326597,0.003738331776952423,0.0034340088119852626,0.003137806521292317,0.0028529594229679436,0.00258269784260019,0.002330249200636052,0.002098839490987487,0.0018916949514086417,0.0017120439266115957,0.0015631189255739496,0.0014481588750279565,0.0013704115717091733,0.0013331363365846334,0.0013396511696647667,0.0013933078743001797,0.0014975729792213838,0.0016560171239867589,0.001872509204163231,0.0021514325336087787,0.0012491091247222614,0.0007294380309921157,0.0004271548293227616,0.00025025500094807355,0.00014651498739124376,8.558550974350731e-05,4.982739726677717e-05,2.9005162169982874e-05,1.6969970268661642e-05,9.988796393815106e-06,5.807993892057922e-06,3.1978121198701706e-06,1.730322160438319e-06,9.398402747043826e-07,5.217678768049232e-07
15,0.015473080348837999,0.013924626663476911,0.012597878004745908,0.01142331558297106,0.010382618019836719,0.009461903834330413,0.008648093906991963,0.00793350771324956,0.007312244699536775,0.006777553928742223,0.0063236869941562905,0.005944947210914709,0.005634769290894645,0.005387795130603588,0.005198747377057219,0.005062642778903859,0.004974165880414696,0.004928029259134807,0.004918938618250707,0.004941599184677884,0.0049907129457947,0.005061102870326288,0.0051473821197418924,0.005244261647981955,0.005346449893790643,0.005448651894589019,0.005545569211384728,0.005631900665688947,0.005703194773543105,0.0057584048577996845,0.005797338043289935,0.005819804367184696,0.005825616581747652,0.0058145899505841585,0.005786542038630276,0.005741292496113331,0.005678662836700793,0.005598476210039056,0.0055005571688676,0.005384731430877039,0.005250825635462042,0.005098667095501683,0.004928083544280902,0.004739349258693582,0.004534522416071776,0.0043161028808594735,0.004086584966204714,0.0038484570882950024,0.003604201570902417,0.0033562945991765787,0.0031072063217273418,0.002859401100079979,0.002615337904663418,0.0023774708566063727,0.002148249914766665,0.0019301217076054744,0.0017255305097405396,0.0015369193632706326,0.0013667313442580315,0.0012174109750867418,0.0010914057837824677,0.0009911680117866506,0.0009191564721224735,0.0008778385603769818,0.0008697211782116809,0.0008973339130789284,0.0009632833403326834,0.0010702500872645643,0.001221121285393187,0.0007095722361252324,0.00041707572590658553,0.0002465343412142743,0.0001460221769353804,8.643929566663973e-05,5.107673885268159e-05,3.0080625939099767e-05,1.7638898385401468e-05,1.0332682509469307e-05,6.078813482846998e-06,3.595511485976915e-06,2.0995829138948187e-06,1.1603885964992667e-06,6.29992290958912e-07,3.432098124375477e-07,1.910476334575985e-07
16,0.013547136095650005,0.012124417254980497,0.010903292082050845,0.009822116109370482,0.008864264146679525,0.008017119816369295,0.00726891974787799,0.006612588920253613,0.006042578759574637,0.005552654987319892,0.005137436520440538,0.004791596990342518,0.004509128166085596,0.004285012344508135,0.004114296886334504,0.003992260809253493,0.003913919791487827,0.003874313944035716,0.003868479991277738,0.0038914559085103852,0.003938278193541653,0.004004079572213981,0.004083827463447655,0.004172566098949511,0.004265337350540349,0.004357179972011896,0.004443129600916535,0.004518219521167503,0.004578332393461414,0.0046227531253731705,0.004651619573098191,0.004665072214698989,0.00466325388194972,0.004646309495710914,0.004614385805080731,0.0045676311305444806,0.00450619511131978,0.0044302284570708166,0.004339882704141719,0.004235309976436069,0.0041166627510471525,0.003984093628721712,0.003837755109218753,0.003678094498582253,0.0035067379949518867,0.0033256031117326395,0.003136602933561042,0.002941645870900803,0.00274263552980058,0.002541470696062945,0.0023400454330797463,0.0021402492926237016,0.0019439676379490545,0.0017530820786449692,0.001569471016803982,0.0013950103042139864,0.0012315740104559172,0.0010810353019905302,0.0009452674325466646,0.0008261448453803852,0.000725544388260031,0.0006453466423470175,0.000587437366487238,0.0005537090588041305,0.0005460806936928181,0.00056648793013875,0.0006169203051592543,0.0006994246599622969,0.00040809921822731305,0.00024242654022501575,0.0001453697429705925,8.742510072372242e-05,5.253952361071838e-05,3.1478031444890006e-05,1.87855717821954e-05,1.1153877919797232e-05,6.584479925773307e-06,3.878517669990364e-06,2.292253997969406e-06,1.3610135024449174e-06,7.972997222709812e-07,4.418324805559495e-07,2.4042163500010427e-07,1.31229802988172e-07,7.316861662588707e-08
17,0.009509643343563015,0.00860855429629969,0.00783683797359727,0.007152431745307427,0.006544581350276673,0.006005164419508159,0.005526440509948579,0.005104014436744057,0.0047346053865073645,0.00441436823133762,0.004140089796290893,0.003908581281924562,0.003716072037425891,0.00355957700763473,0.0034361642344391467,0.0033430959469890886,0.0032774134837126813,0.003236175100237911,0.0032164332401686457,0.003215239235261737,0.0032296420093104036,0.0032567684850821955,0.003293610019238412,0.003337222117277272,0.0033846592613581273,0.0034329743504102994,0.0034792185916786354,0.0035204418441753477,0.0035541303957416577,0.003579519168552525,0.0035962816168390267,0.0036040927927627224,0.0036026292973943054,0.003591569221477817,0.0035705920760983113,0.003539378713371977,0.0034976112372774176,0.003444972904745193,0.0033811480171198464,0.00330582180210439,0.0032186802862918494,0.0031194101583817313,0.003007698623171439,0.002883570030474556,0.002748394952746682,0.0026038776197537653,0.002451718530372022,0.0022936142145807584,0.00213125709786821,0.00196633546739977,0.0018005335393000408,0.0016355316264277068,0.001473006406074799,0.0013146312870994969,0.0011620768761038058,0.0010170115423941695,0.0008811020816143179,0.0007560144781153526,0.000643414766328503,0.0005449699916313225,0.00046234927144885734,0.0003972249576080411,0.0003512739012670643,0.00032617882207270764,0.00032364048451886284,0.0003453737487516987,0.00039313453650662646,0.00023436489372202795,0.00014352217184232069,8.89203077266123e-05,5.5197252616930473e-05,3.4125334275844224e-05,2.095975402745934e-05,1.2774508641341072e-05,7.727242205766044e-06,4.637435135536722e-06,2.7611721944286915e-06,1.6377172022739802e-06,9.733724413024701e-07,5.806116226433975e-07,3.414351013480886e-07,1.8981667742548604e-07,1.0356707184911735e-07,5.6659850138988165e-08,3.165329008922297e-08
18,0.006688473615729323,0.006088510983393052,0.0055769378992528455,0.005124449460359109,0.004723673295378782,0.004369031688621822,0.004055137423267775,0.0037789769647158977,0.0035383399907954866,0.0033305870906136913,0.003153538013359157,0.003005024964950433,0.002882421818317307,0.0027836941508118536,0.0027068484731157536,0.002650045619036462,0.0026112738158312193,0.002588533452787807,0.0025798191031619786,0.002583123318491199,0.0025964357997729838,0.0026178083073616527,0.0026451831639467934,0.0026765540898981604,0.002709914014600293,0.00274325474224257,0.002774566925223521,0.0028018403454930186,0.0028233509694389016,0.002838521232516986,0.0028470612143851504,0.002848682210422866,0.0028430967037041217,0.0028300183279520484,0.002809161821562665,0.002780242972787408,0.0027429785561652077,0.002697086260294725,0.002642284607036155,0.002578292862229571,0.002504830938013324,0.002421619286821361,0.0023283787871327183,0.002225117884406265,0.002112993309974311,0.0019934464273804785,0.0018679154717414531,0.001737835362811289,0.0016046376046402243,0.0014697502712840117,0.00133459807802389,0.0012006025375830075,0.00106918220087198,0.0009417529818642539,0.0008197285662907593,0.0007045209039529525,0.0005975407845836743,0.0005001984973363554,0.00041390457415512355,0.00034007061747155256,0.00028011021288852725,0.0002354399277485079,0.00020748039674301755,0.00019765749600332298,0.00020741046531085018,0.00023819205956280572,0.00014574519749644755,9.221045481632853e-05,5.898633920999115e-05,3.765498980546952e-05,2.3839254973103598e-05,1.492541288528415e-05,9.239310656722712e-06,5.6575441105939e-06,3.4310825326489355e-06,2.0616195363734717e-06,1.2278733496308938e-06,7.280640016823183e-07,4.324264619416431e-07,2.5770016337196795e-07,1.5137965213966256e-07,8.405950904635112e-08,4.5808837618555896e-08,2.5030703247283403e-08,1.3966586857881456e-08
19,0.0042511396527550845,0.003927242481180613,0.0036550144690408286,0.0034162996402394064,0.0032067324057206328,0.003022991592408316,0.002861744579916358,0.0027212027457548,0.002600120683221397,0.0024969257952735385,0.0024103620096459525,0.0023391731383100326,0.002281729391216717,0.002236843034559579,0.0022033583912879954,0.0021802473378685914,0.0021663431448558377,0.0021604871931517776,0.0021615142546260557,0.0021682557459248328,0.0021795393747013406,0.002194243987854601,0.0022111559410698165,0.0022291045926066456,0.002246918759899754,0.002263426623768233,0.002277455812132855,0.0022878336634062526,0.0022935526359117585,0.0022942657263042747,0.0022897917798552167,0.002279950510554086,0.0022645624679362513,0.002243448998256059,0.0022164322000722742,0.0021833348743129817,0.0021439804688863622,0.0020981930179024186,0.0020457970755685785,0.001986617644819286,0.001920480100736187,0.001847210108811294,0.0017666335381006982,0.0016787960878291864,0.0015846216094507952,0.0014852515032500895,0.0013818246281133886,0.0012754771740993635,0.0011673426035387548,0.0010585516602306204,0.0009502324463092513,0.0008435105663796474,0.0007395093385600011,0.0006393500721268522,0.0005441524115323218,0.0004550347466530189,0.00037311468923682947,0.00029950961563687047,0.00023533727606158176,0.00018171647072640572,0.00013976779346612216,0.00011061444355807716,9.538310671582443e-05,9.520490644078486e-05,0.00011122010458697762,7.229044641705911e-05,4.9116987185055464e-05,3.3513039578263595e-05,2.2550157853055428e-05,1.4876287441913138e-05,9.619321861176724e-06,6.104586541340101e-06,3.811617838269872e-06,2.346613772519186e-06,1.4277997076788512e-06,8.595127060368428e-07,5.12378713893565e-07,3.038927767164183e-07,1.8046209005592715e-07,1.074935373041427e-07,6.310191990231584e-08,3.501163365807602e-08,1.9062904625343397e-08,1.0406522343590953e-08,5.801021864627504e-09
20,0.004828097069224758,0.004368742105534946,0.0039766186834777305,0.0036302003332776517,0.0033238734430886003,0.0030533696137168467,0.002814616111432967,0.0026052393020501883,0.0024234341009952793,0.002267107743617933,0.0021344901168351108,0.0020238237301507347,0.0019330477342217893,0.0018605045357364186,0.0018045641919233238,0.0017636995159029814,0.0017362683235175303,0.0017206371752474486,0.0017151692875919235,0.0017182269134476426,0.0017281706323488946,0.0017434024426667852,0.0017622514968976023,0.0017830810722603986,0.001804253857538934,0.0018241317784749283,0.0018410760741028839,0.0018534476242307795,0.001859898189422517,0.0018602430316564812,0.001854589076287445,0.001843044141052651,0.001825716819427507,0.0018027163669989443,0.0017741525909486804,0.001740135742727154,0.0017007764139877475,0.001656185435840156,0.001606473781471365,0.001551752472172746,0.0014921324868021897,0.0014277246747011088,0.0013586396720774428,0.0012851008601339853,0.0012077829656987537,0.0011274720761543587,0.0010449523793557834,0.000961006093691363,0.000876413445290345,0.0007919526920676943,0.000708400194304441,0.0006265305314812182,0.0005471166651134968,0.0004709301473793699,0.00039874137538440936,0.00033131989097310796,0.00026943472607269696,0.00021385479364273386,0.00016534932440289476,0.00012468834962200607,9.264323037377949e-05,6.998723379924326e-05,5.749615706290816e-05,5.5948999849755595e-05,3.306543649883119e-05,2.2208794360973624e-05,1.5609353083610698e-05,1.0943291248759403e-05,7.512307454707041e-06,5.028120861055063e-06,3.2856876257525664e-06,2.1013776023024646e-06,1.3196934954633508e-06,8.160418733328228e-07,4.981976451823985e-07,3.0069165567896287e-07,1.7961680378484332e-07,1.067021994288048e-07,6.344375979846088e-08,3.7828544254641266e-08,2.222400935307324e-08,1.2338466635537935e-08,6.7212083803609775e-09,3.670497120418154e-09,2.046656584876022e-09
