msoa,org_code,sector,occupied_beds,available_beds,postcode,latitude,longitude
E02000100,R1K,General & Acute,987.813187,1033.901099,HA13UJ,51.575407,-0.322037
E02000100,R1K,Mental Illness,0,0,HA13UJ,51.575407,-0.322037
E02000100,R1K,Maternity,39.186813,68,HA13UJ,51.575407,-0.322037
E02000100,R1K,Learning Disabilities,0,0,HA13UJ,51.575407,-0.322037
E02000173,RAL,General & Acute,882.571429,1117,NW32QG,51.553224,-0.165324
E02000173,RAL,Mental Illness,0,0,NW32QG,51.553224,-0.165324
E02000173,RAL,Maternity,37.67033,88,NW32QG,51.553224,-0.165324
E02000173,RAL,Learning Disabilities,0,0,NW32QG,51.553224,-0.165324
E02000184,TAF,Mental Illness,168.230769,184.747253,NW10PE,51.53665,-0.131658
E02000184,TAF,Maternity,0,0,NW10PE,51.53665,-0.131658
E02000184,TAF,Learning Disabilities,0,0,NW10PE,51.53665,-0.131658
E02000184,TAF,General & Acute,0,0,NW10PE,51.53665,-0.131658
E02000186,RRV,Mental Illness,7.395604,11.175824,NW12PG,51.525735,-0.137409
E02000186,RRV,Maternity,50.813187,75.901099,NW12PG,51.525735,-0.137409
E02000186,RRV,Learning Disabilities,0,0,NW12PG,51.525735,-0.137409
E02000186,RRV,General & Acute,611.549451,794.263736,NW12PG,51.525735,-0.137409
E02000186,RV3,Mental Illness,577.164835,596.758242,NW13AX,51.524345,-0.142166
E02000186,RV3,Maternity,0,0,NW13AX,51.524345,-0.142166
E02000186,RV3,Learning Disabilities,7.637363,11.582418,NW13AX,51.524345,-0.142166
E02000186,RV3,General & Acute,69.538462,74.516484,NW13AX,51.524345,-0.142166
E02000192,RP4,Mental Illness,7.263736,7.505495,WC1N3JH,51.52221,-0.119924
E02000192,RP4,Maternity,0,0,WC1N3JH,51.52221,-0.119924
E02000192,RP4,Learning Disabilities,0,0,WC1N3JH,51.52221,-0.119924
E02000192,RP4,General & Acute,166.032967,203.538462,WC1N3JH,51.52221,-0.119924
E02000208,RJ6,Mental Illness,0,0,CR77YE,51.389128,-0.108758
E02000208,RJ6,Maternity,31.593407,58,CR77YE,51.389128,-0.108758
E02000208,RJ6,Learning Disabilities,0,0,CR77YE,51.389128,-0.108758
E02000208,RJ6,General & Acute,456.868132,480.659341,CR77YE,51.389128,-0.108758
E02000266,RKL,Mental Illness,630.571429,679,UB24SD,51.506315,-0.358547
E02000266,RKL,Maternity,0,0,UB24SD,51.506315,-0.358547
E02000266,RKL,Learning Disabilities,0,0,UB24SD,51.506315,-0.358547
E02000266,RKL,General & Acute,59.406593,68.901099,UB24SD,51.506315,-0.358547
E02000363,RQX,Mental Illness,0,0,E96SR,51.550634,-0.046099
E02000363,RQX,Maternity,29.494505,41,E96SR,51.550634,-0.046099
E02000363,RQX,Learning Disabilities,0,0,E96SR,51.550634,-0.046099
E02000363,RQX,General & Acute,245.494505,282.274725,E96SR,51.550634,-0.046099
E02000423,RRP,Mental Illness,500.10989,525,N153TH,51.580625,-0.092097
E02000423,RRP,Maternity,0,0,N153TH,51.580625,-0.092097
E02000423,RRP,Learning Disabilities,19.230769,27,N153TH,51.580625,-0.092097
E02000423,RRP,General & Acute,0,0,N153TH,51.580625,-0.092097
E02000433,RAN,General & Acute,102.208791,138.67033,HA74LP,51.632566,-0.310435
E02000433,RAN,Mental Illness,0,0,HA74LP,51.632566,-0.310435
E02000433,RAN,Maternity,0,0,HA74LP,51.632566,-0.310435
E02000433,RAN,Learning Disabilities,0,0,HA74LP,51.632566,-0.310435
E02000480,RF4,Mental Illness,0,0,RM70AG,51.568647,0.179031
E02000480,RF4,Maternity,70.472527,70.472527,RM70AG,51.568647,0.179031
E02000480,RF4,Learning Disabilities,0,0,RM70AG,51.568647,0.179031
E02000480,RF4,General & Acute,920.384615,1020.725275,RM70AG,51.568647,0.179031
E02000491,RAT,Mental Illness,220.615385,240.626374,RM138GQ,51.518578,0.171162
E02000491,RAT,Maternity,0,0,RM138GQ,51.518578,0.171162
E02000491,RAT,Learning Disabilities,0,0,RM138GQ,51.518578,0.171162
E02000491,RAT,General & Acute,149.505495,170.252747,RM138GQ,51.518578,0.171162
E02000510,RAS,General & Acute,411.428571,413.340659,UB83NN,51.526077,-0.461175
E02000510,RAS,Mental Illness,0,0,UB83NN,51.526077,-0.461175
E02000510,RAS,Maternity,13.648352,153,UB83NN,51.526077,-0.461175
E02000510,RAS,Learning Disabilities,0,0,UB83NN,51.526077,-0.461175
E02000557,RKE,Mental Illness,10.21978,12,N195NF,51.566482,-0.139066
E02000557,RKE,Maternity,19.857143,52,N195NF,51.566482,-0.139066
E02000557,RKE,Learning Disabilities,0,0,N195NF,51.566482,-0.139066
E02000557,RKE,General & Acute,248,262,N195NF,51.566482,-0.139066
E02000576,RP6,Mental Illness,0,0,EC1V2PD,51.527246,-0.089889
E02000576,RP6,Maternity,0,0,EC1V2PD,51.527246,-0.089889
E02000576,RP6,Learning Disabilities,0,0,EC1V2PD,51.527246,-0.089889
E02000576,RP6,General & Acute,3.571429,9.67033,EC1V2PD,51.527246,-0.089889
E02000595,RPY,Mental Illness,0,0,SW36JJ,51.490561,-0.172565
E02000595,RPY,Maternity,0,0,SW36JJ,51.490561,-0.172565
E02000595,RPY,Learning Disabilities,0,0,SW36JJ,51.490561,-0.172565
E02000595,RPY,General & Acute,167.10989,201.824176,SW36JJ,51.490561,-0.172565
E02000596,RQM,Mental Illness,0,0,SW109NH,51.484308,-0.181644
E02000596,RQM,Maternity,67.549451,90.78022,SW109NH,51.484308,-0.181644
E02000596,RQM,Learning Disabilities,0,0,SW109NH,51.484308,-0.181644
E02000596,RQM,General & Acute,713.989011,738.714286,SW109NH,51.484308,-0.181644
E02000600,RAX,Mental Illness,0,0,KT27QB,51.414826,-0.282601
E02000600,RAX,Maternity,41.307692,55,KT27QB,51.414826,-0.282601
E02000600,RAX,Learning Disabilities,0,0,KT27QB,51.414826,-0.282601
E02000600,RAX,General & Acute,365.274725,400.010989,KT27QB,51.414826,-0.282601
E02000631,RJZ,Mental Illness,0,0,SE59RS,51.468077,-0.093916
E02000631,RJZ,Maternity,58.164835,119,SE59RS,51.468077,-0.093916
E02000631,RJZ,Learning Disabilities,0,0,SE59RS,51.468077,-0.093916
E02000631,RJZ,General & Acute,1260.461538,1324.197802,SE59RS,51.468077,-0.093916
E02000841,RVR,Mental Illness,0,0,SM51AA,51.380188,-0.183708
E02000841,RVR,Maternity,28.593407,95,SM51AA,51.380188,-0.183708
E02000841,RVR,Learning Disabilities,0,0,SM51AA,51.380188,-0.183708
E02000841,RVR,General & Acute,614.274725,728.472527,SM51AA,51.380188,-0.183708
E02000880,R1H,General & Acute,1902.120879,1949.813187,E12ES,51.517167,-0.05605
E02000880,R1H,Mental Illness,0,0,E12ES,51.517167,-0.05605
E02000880,R1H,Maternity,135.758242,198,E12ES,51.517167,-0.05605
E02000880,R1H,Learning Disabilities,0,0,E12ES,51.517167,-0.05605
E02000884,RWK,Mental Illness,783.868132,829,E18DE,51.513374,-0.071865
E02000884,RWK,Maternity,0,0,E18DE,51.513374,-0.071865
E02000884,RWK,Learning Disabilities,0,0,E18DE,51.513374,-0.071865
E02000884,RWK,General & Acute,23.527473,26,E18DE,51.513374,-0.071865
E02000949,RQY,Mental Illness,307.395604,339.076923,SW177DJ,51.437358,-0.172348
E02000949,RQY,Maternity,0,0,SW177DJ,51.437358,-0.172348
E02000949,RQY,Learning Disabilities,6.549451,12,SW177DJ,51.437358,-0.172348
E02000949,RQY,General & Acute,0,0,SW177DJ,51.437358,-0.172348
E02000956,RJ7,Mental Illness,0,0,SW170QT,51.426682,-0.175694
E02000956,RJ7,Maternity,24.945055,63,SW170QT,51.426682,-0.175694
E02000956,RJ7,Learning Disabilities,0,0,SW170QT,51.426682,-0.175694
E02000956,RJ7,General & Acute,831.043956,853.989011,SW170QT,51.426682,-0.175694
E02000970,RYX,Mental Illness,0,0,NW15JD,51.522838,-0.151539
E02000970,RYX,Maternity,0,0,NW15JD,51.522838,-0.151539
E02000970,RYX,Learning Disabilities,0,0,NW15JD,51.522838,-0.151539
E02000970,RYX,General & Acute,0,0,NW15JD,51.522838,-0.151539
E02000974,RYJ,Mental Illness,0,0,W21BL,51.51754,-0.174411
E02000974,RYJ,Maternity,65.67033,68,W21BL,51.51754,-0.174411
E02000974,RYJ,Learning Disabilities,0,0,W21BL,51.51754,-0.174411
E02000974,RYJ,General & Acute,947.021978,1035.417582,W21BL,51.51754,-0.174411
E02001012,RMC,Mental Illness,0,0,BL40JR,53.553957,-2.429894
E02001012,RMC,Maternity,47.593407,53,BL40JR,53.553957,-2.429894
E02001012,RMC,Learning Disabilities,0,0,BL40JR,53.553957,-2.429894
E02001012,RMC,General & Acute,549.868132,616.208791,BL40JR,53.553957,-2.429894
E02001040,RXV,Mental Illness,718.78022,843.571429,M253BL,53.536749,-2.291465
E02001040,RXV,Maternity,0,0,M253BL,53.536749,-2.291465
E02001040,RXV,Learning Disabilities,0,0,M253BL,53.536749,-2.291465
E02001040,RXV,General & Acute,0,0,M253BL,53.536749,-2.291465
E02001062,R0A,Mental Illness,7.395604,9,M139WL,53.462436,-2.227711
E02001062,R0A,Maternity,140.505495,206.10989,M139WL,53.462436,-2.227711
E02001062,R0A,Learning Disabilities,0,0,M139WL,53.462436,-2.227711
E02001062,R0A,General & Acute,2105.56044,2227.32967,M139WL,53.462436,-2.227711
E02001082,RBV,Mental Illness,0,0,M204BX,53.429767,-2.230125
E02001082,RBV,Maternity,0,0,M204BX,53.429767,-2.230125
E02001082,RBV,Learning Disabilities,0,0,M204BX,53.429767,-2.230125
E02001082,RBV,General & Acute,172.153846,184.725275,M204BX,53.429767,-2.230125
E02001177,RM3,Mental Illness,0,0,M68HD,53.487545,-2.323424
E02001177,RM3,Maternity,0,72.307692,M68HD,53.487545,-2.323424
E02001177,RM3,Learning Disabilities,0,0,M68HD,53.487545,-2.323424
E02001177,RM3,General & Acute,1361.725275,1571.098901,M68HD,53.487545,-2.323424
E02001213,RWJ,Mental Illness,0,0,SK27JE,53.383778,-2.13202
E02001213,RWJ,Maternity,21.076923,46.923077,SK27JE,53.383778,-2.13202
E02001213,RWJ,Learning Disabilities,0,0,SK27JE,53.383778,-2.13202
E02001213,RWJ,General & Acute,577.021978,635.857143,SK27JE,53.383778,-2.13202
E02001235,RMP,Mental Illness,0,0,OL69RW,53.49153,-2.071433
E02001235,RMP,Maternity,18.043956,32,OL69RW,53.49153,-2.071433
E02001235,RMP,Learning Disabilities,0,0,OL69RW,53.49153,-2.071433
E02001235,RMP,General & Acute,405,440.934066,OL69RW,53.49153,-2.071433
E02001241,RT2,Mental Illness,455.989011,491.230769,OL67SR,53.485827,-2.099981
E02001241,RT2,Maternity,0,0,OL67SR,53.485827,-2.099981
E02001241,RT2,Learning Disabilities,0,0,OL67SR,53.485827,-2.099981
E02001241,RT2,General & Acute,0,0,OL67SR,53.485827,-2.099981
E02001292,RRF,Mental Illness,0,0,WN12NN,53.55774,-2.629091
E02001292,RRF,Maternity,12.21978,28,WN12NN,53.55774,-2.629091
E02001292,RRF,Learning Disabilities,0,0,WN12NN,53.55774,-2.629091
E02001292,RRF,General & Acute,478.593407,519.747253,WN12NN,53.55774,-2.629091
E02001335,RBN,Mental Illness,0,0,L355DR,53.420469,-2.784954
E02001335,RBN,Maternity,34.747253,66.252747,L355DR,53.420469,-2.784954
E02001335,RBN,Learning Disabilities,0,0,L355DR,53.420469,-2.784954
E02001335,RBN,General & Acute,1171.384615,1230.186813,L355DR,53.420469,-2.784954
E02001337,RW4,Mental Illness,746.923077,817.142857,L341PJ,53.424035,-2.826417
E02001337,RW4,Maternity,0,0,L341PJ,53.424035,-2.826417
E02001337,RW4,Learning Disabilities,50.967033,117,L341PJ,53.424035,-2.826417
E02001337,RW4,General & Acute,0,0,L341PJ,53.424035,-2.826417
E02001351,RET,Mental Illness,0,0,L97LJ,53.466395,-2.931
E02001351,RET,Maternity,0,0,L97LJ,53.466395,-2.931
E02001351,RET,Learning Disabilities,0,0,L97LJ,53.466395,-2.931
E02001351,RET,General & Acute,125.681319,178,L97LJ,53.466395,-2.931
E02001372,RBQ,Mental Illness,0,0,L143PE,53.411151,-2.897989
E02001372,RBQ,Maternity,0,0,L143PE,53.411151,-2.897989
E02001372,RBQ,Learning Disabilities,0,0,L143PE,53.411151,-2.897989
E02001372,RBQ,General & Acute,151.285714,185.791209,L143PE,53.411151,-2.897989
E02001372,RBS,Mental Illness,8.274725,10.10989,L122AP,53.421263,-2.897795
E02001372,RBS,Maternity,0,0,L122AP,53.421263,-2.897795
E02001372,RBS,Learning Disabilities,0,0,L122AP,53.421263,-2.897795
E02001372,RBS,General & Acute,176,211,L122AP,53.421263,-2.897795
E02001377,REM,Mental Illness,0,0,L78XP,53.409506,-2.964809
E02001377,REM,Maternity,0,0,L78XP,53.409506,-2.964809
E02001377,REM,Learning Disabilities,0,0,L78XP,53.409506,-2.964809
E02001377,REM,General & Acute,1490.054945,1617.846154,L78XP,53.409506,-2.964809
E02001377,REP,Mental Illness,0,0,L87SS,53.398461,-2.960077
E02001377,REP,Maternity,63.384615,87.516484,L87SS,53.398461,-2.960077
E02001377,REP,Learning Disabilities,0,0,L87SS,53.398461,-2.960077
E02001377,REP,General & Acute,13.120879,24.043956,L87SS,53.398461,-2.960077
E02001491,RBL,Mental Illness,0,0,CH495PE,53.36964,-3.096815
E02001491,RBL,Maternity,20.681319,32,CH495PE,53.36964,-3.096815
E02001491,RBL,Learning Disabilities,0,0,CH495PE,53.36964,-3.096815
E02001491,RBL,General & Acute,678.21978,750.054945,CH495PE,53.36964,-3.096815
E02001504,REN,Mental Illness,0,0,CH634JY,53.332283,-3.025848
E02001504,REN,Maternity,0,0,CH634JY,53.332283,-3.025848
E02001504,REN,Learning Disabilities,0,0,CH634JY,53.332283,-3.025848
E02001504,REN,General & Acute,92.912088,101,CH634JY,53.332283,-3.025848
E02001520,RFF,Mental Illness,0,0,S752EP,53.559132,-1.499493
E02001520,RFF,Maternity,18.769231,39,S752EP,53.559132,-1.499493
E02001520,RFF,Learning Disabilities,0,0,S752EP,53.559132,-1.499493
E02001520,RFF,General & Acute,417.626374,454.703297,S752EP,53.559132,-1.499493
E02001556,RP5,Mental Illness,0,0,DN25LT,53.530805,-1.108942
E02001556,RP5,Maternity,40.252747,77.846154,DN25LT,53.530805,-1.108942
E02001556,RP5,Learning Disabilities,0,0,DN25LT,53.530805,-1.108942
E02001556,RP5,General & Acute,694.142857,732.538462,DN25LT,53.530805,-1.108942
E02001566,RXE,Mental Illness,168.472527,189,DN48QN,53.494823,-1.145978
E02001566,RXE,Maternity,0,0,DN48QN,53.494823,-1.145978
E02001566,RXE,Learning Disabilities,0,0,DN48QN,53.494823,-1.145978
E02001566,RXE,General & Acute,48.648352,49.824176,DN48QN,53.494823,-1.145978
E02001600,RFR,Mental Illness,0,0,S602UD,53.413972,-1.34288
E02001600,RFR,Maternity,17.648352,23.725275,S602UD,53.413972,-1.34288
E02001600,RFR,Learning Disabilities,0,0,S602UD,53.413972,-1.34288
E02001600,RFR,General & Acute,414,466.395604,S602UD,53.413972,-1.34288
E02001630,RHQ,Mental Illness,0,0,S57AU,53.409821,-1.455965
E02001630,RHQ,Maternity,42.934066,67.494505,S57AU,53.409821,-1.455965
E02001630,RHQ,Learning Disabilities,0,0,S57AU,53.409821,-1.455965
E02001630,RHQ,General & Acute,1339.813187,1507.494505,S57AU,53.409821,-1.455965
E02001632,TAH,Mental Illness,129.78022,141.406593,S47QQ,53.398186,-1.443225
E02001632,TAH,Maternity,0,0,S47QQ,53.398186,-1.443225
E02001632,TAH,Learning Disabilities,0,0,S47QQ,53.398186,-1.443225
E02001632,TAH,General & Acute,0,0,S47QQ,53.398186,-1.443225
E02001640,RCU,Mental Illness,9.626374,26.494505,S102TH,53.380599,-1.490629
E02001640,RCU,Maternity,0,0,S102TH,53.380599,-1.490629
E02001640,RCU,Learning Disabilities,0,0,S102TH,53.380599,-1.490629
E02001640,RCU,General & Acute,91.164835,130.923077,S102TH,53.380599,-1.490629
E02001697,RR7,Mental Illness,12.142857,26,NE96SX,54.93938,-1.580781
E02001697,RR7,Maternity,12.714286,16,NE96SX,54.93938,-1.580781
E02001697,RR7,Learning Disabilities,0,0,NE96SX,54.93938,-1.580781
E02001697,RR7,General & Acute,438.626374,457.593407,NE96SX,54.93938,-1.580781
E02001713,RX4,Mental Illness,576.10989,624,NE33XT,55.006488,-1.6331
E02001713,RX4,Maternity,0,0,NE33XT,55.006488,-1.6331
E02001713,RX4,Learning Disabilities,60.626374,71,NE33XT,55.006488,-1.6331
E02001713,RX4,General & Acute,42.901099,49,NE33XT,55.006488,-1.6331
E02001714,RTD,Mental Illness,0,0,NE77DN,55.002783,-1.593392
E02001714,RTD,Maternity,46.43956,91.747253,NE77DN,55.002783,-1.593392
E02001714,RTD,Learning Disabilities,0,0,NE77DN,55.002783,-1.593392
E02001714,RTD,General & Acute,"1,244",1449.175824,NE77DN,55.002783,-1.593392
E02001750,RTF,Mental Illness,0,27.868132,NE298NH,55.025241,-1.46734
E02001750,RTF,Maternity,29.417582,36.208791,NE298NH,55.025241,-1.46734
E02001750,RTF,Learning Disabilities,0,0,NE298NH,55.025241,-1.46734
E02001750,RTF,General & Acute,734.835165,830.241758,NE298NH,55.025241,-1.46734
E02001801,R0B,Mental Illness,0,0,SR47TP,54.902214,-1.410327
E02001801,R0B,Maternity,0,0,SR47TP,54.902214,-1.410327
E02001801,R0B,Learning Disabilities,0,0,SR47TP,54.902214,-1.410327
E02001801,R0B,General & Acute,959.901099,1124.549451,SR47TP,54.902214,-1.410327
E02001876,RQ3,Mental Illness,17.648352,31,B46NH,52.484784,-1.893808
E02001876,RQ3,Maternity,73.120879,102,B46NH,52.484784,-1.893808
E02001876,RQ3,Learning Disabilities,0,0,B46NH,52.484784,-1.893808
E02001876,RQ3,General & Acute,206.032967,262.758242,B46NH,52.484784,-1.893808
E02001876,RYW,Mental Illness,0,0,B74BN,52.487324,-1.885825
E02001876,RYW,Maternity,0,0,B74BN,52.487324,-1.885825
E02001876,RYW,Learning Disabilities,0,0,B74BN,52.487324,-1.885825
E02001876,RYW,General & Acute,119.78022,316.582418,B74BN,52.487324,-1.885825
E02001879,RXK,Mental Illness,0,0,B187QH,52.488627,-1.932507
E02001879,RXK,Maternity,42.417582,62,B187QH,52.488627,-1.932507
E02001879,RXK,Learning Disabilities,0,0,B187QH,52.488627,-1.932507
E02001879,RXK,General & Acute,612.428571,643.142857,B187QH,52.488627,-1.932507
E02001913,RRK,Mental Illness,0,0,B152GW,52.453198,-1.93847
E02001913,RRK,Maternity,120.120879,134.461538,B152GW,52.453198,-1.93847
E02001913,RRK,Learning Disabilities,0,0,B152GW,52.453198,-1.93847
E02001913,RRK,General & Acute,2702.208791,2747,B152GW,52.453198,-1.93847
E02001914,RXT,Mental Illness,604.56044,640.472527,B138QY,52.440919,-1.897096
E02001914,RXT,Maternity,0,0,B138QY,52.440919,-1.897096
E02001914,RXT,Learning Disabilities,0,0,B138QY,52.440919,-1.897096
E02001914,RXT,General & Acute,0,0,B138QY,52.440919,-1.897096
E02001939,RRJ,Mental Illness,0,0,B312AP,52.420088,-1.96116
E02001939,RRJ,Maternity,0,0,B312AP,52.420088,-1.96116
E02001939,RRJ,Learning Disabilities,0,0,B312AP,52.420088,-1.96116
E02001939,RRJ,General & Acute,75.10989,108.043956,B312AP,52.420088,-1.96116
E02001958,RYG,Mental Illness,238.175824,248.78022,CV66NY,52.457137,-1.486518
E02001958,RYG,Maternity,0,0,CV66NY,52.457137,-1.486518
E02001958,RYG,Learning Disabilities,45.868132,71,CV66NY,52.457137,-1.486518
E02001958,RYG,General & Acute,0,0,CV66NY,52.457137,-1.486518
E02001976,RKB,Mental Illness,0,0,CV22DX,52.421211,-1.438403
E02001976,RKB,Maternity,4.241758,75,CV22DX,52.421211,-1.438403
E02001976,RKB,Learning Disabilities,0,0,CV22DX,52.421211,-1.438403
E02001976,RKB,General & Acute,1058.142857,1089.945055,CV22DX,52.421211,-1.438403
E02002012,RNA,Mental Illness,0,0,DY12HQ,52.502944,-2.118518
E02002012,RNA,Maternity,30.406593,54,DY12HQ,52.502944,-2.118518
E02002012,RNA,Learning Disabilities,0,0,DY12HQ,52.502944,-2.118518
E02002012,RNA,General & Acute,589.021978,647.626374,DY12HQ,52.502944,-2.118518
E02002014,TAJ,Mental Illness,256.450549,265.21978,DY28PS,52.508328,-2.084448
E02002014,TAJ,Maternity,0,0,DY28PS,52.508328,-2.084448
E02002014,TAJ,Learning Disabilities,13.681319,32.912088,DY28PS,52.508328,-2.084448
E02002014,TAJ,General & Acute,0,0,DY28PS,52.508328,-2.084448
E02002135,RBK,Mental Illness,0,0,WS29PS,52.58233,-1.998924
E02002135,RBK,Maternity,17.131868,27.285714,WS29PS,52.58233,-1.998924
E02002135,RBK,Learning Disabilities,0,0,WS29PS,52.58233,-1.998924
E02002135,RBK,General & Acute,457.989011,521.450549,WS29PS,52.58233,-1.998924
E02002163,RL4,Mental Illness,0,0,WV100QP,52.599722,-2.095555
E02002163,RL4,Maternity,42.934066,50,WV100QP,52.599722,-2.095555
E02002163,RL4,Learning Disabilities,0,0,WV100QP,52.599722,-2.095555
E02002163,RL4,General & Acute,766.78022,829.494505,WV100QP,52.599722,-2.095555
E02002202,TAD,Mental Illness,162.791209,186,BD183LD,53.839675,-1.788605
E02002202,TAD,Maternity,0,0,BD183LD,53.839675,-1.788605
E02002202,TAD,Learning Disabilities,2.626374,8,BD183LD,53.839675,-1.788605
E02002202,TAD,General & Acute,0,0,BD183LD,53.839675,-1.788605
E02002219,RAE,Mental Illness,0,0,BD96RJ,53.80598,-1.794697
E02002219,RAE,Maternity,70.406593,84.538462,BD96RJ,53.80598,-1.794697
E02002219,RAE,Learning Disabilities,0,0,BD96RJ,53.80598,-1.794697
E02002219,RAE,General & Acute,557.241758,616.164835,BD96RJ,53.80598,-1.794697
E02002303,RWY,Mental Illness,0,0,HD33EA,53.655474,-1.816338
E02002303,RWY,Maternity,24.373626,55.769231,HD33EA,53.655474,-1.816338
E02002303,RWY,Learning Disabilities,0,0,HD33EA,53.655474,-1.816338
E02002303,RWY,General & Acute,633.835165,697.296703,HD33EA,53.655474,-1.816338
E02002371,RGD,Mental Illness,340.10989,380.307692,LS73JX,53.821038,-1.534962
E02002371,RGD,Maternity,0,0,LS73JX,53.821038,-1.534962
E02002371,RGD,Learning Disabilities,7.076923,13,LS73JX,53.821038,-1.534962
E02002371,RGD,General & Acute,0,0,LS73JX,53.821038,-1.534962
E02002393,RR8,Mental Illness,0,0,LS97TF,53.806869,-1.520359
E02002393,RR8,Maternity,53.043956,136.714286,LS97TF,53.806869,-1.520359
E02002393,RR8,Learning Disabilities,0,0,LS97TF,53.806869,-1.520359
E02002393,RR8,General & Acute,"1,672",1729.483516,LS97TF,53.806869,-1.520359
E02002422,RY6,Mental Illness,0,0,LS110DL,53.762746,-1.575641
E02002422,RY6,Maternity,0,0,LS110DL,53.762746,-1.575641
E02002422,RY6,Learning Disabilities,0,0,LS110DL,53.762746,-1.575641
E02002422,RY6,General & Acute,38.461538,43.098901,LS110DL,53.762746,-1.575641
E02002443,RXG,Mental Illness,367.824176,423,WF13SP,53.69734,-1.494054
E02002443,RXG,Maternity,0,0,WF13SP,53.69734,-1.494054
E02002443,RXG,Learning Disabilities,16.43956,24,WF13SP,53.69734,-1.494054
E02002443,RXG,General & Acute,17.318681,24,WF13SP,53.69734,-1.494054
E02002454,RXF,Mental Illness,0,0,WF14DG,53.692418,-1.488555
E02002454,RXF,Maternity,42.021978,60,WF14DG,53.692418,-1.488555
E02002454,RXF,Learning Disabilities,0,0,WF14DG,53.692418,-1.488555
E02002454,RXF,General & Acute,963.604396,1052.571429,WF14DG,53.692418,-1.488555
E02002484,RVW,Mental Illness,0,0,TS249AH,54.702398,-1.227837
E02002484,RVW,Maternity,11.450549,42,TS249AH,54.702398,-1.227837
E02002484,RVW,Learning Disabilities,0,0,TS249AH,54.702398,-1.227837
E02002484,RVW,General & Acute,487.120879,519.802198,TS249AH,54.702398,-1.227837
E02002506,RTR,Mental Illness,0,0,TS43BW,54.551755,-1.214805
E02002506,RTR,Maternity,28.340659,40.989011,TS43BW,54.551755,-1.214805
E02002506,RTR,Learning Disabilities,0,0,TS43BW,54.551755,-1.214805
E02002506,RTR,General & Acute,834,936.032967,TS43BW,54.551755,-1.214805
E02002559,RX3,Mental Illness,567.681319,608,DL22TS,54.543494,-1.591147
E02002559,RX3,Maternity,0,0,DL22TS,54.543494,-1.591147
E02002559,RX3,Learning Disabilities,62.857143,107,DL22TS,54.543494,-1.591147
E02002559,RX3,General & Acute,0,0,DL22TS,54.543494,-1.591147
E02002602,RWW,Mental Illness,0,0,WA51QG,53.393973,-2.610717
E02002602,RWW,Maternity,20.989011,44,WA51QG,53.393973,-2.610717
E02002602,RWW,Learning Disabilities,0,0,WA51QG,53.393973,-2.610717
E02002602,RWW,General & Acute,529,568.967033,WA51QG,53.393973,-2.610717
E02002625,RXR,Mental Illness,0,0,BB23HH,53.73556,-2.462716
E02002625,RXR,Maternity,44.736264,72,BB23HH,53.73556,-2.462716
E02002625,RXR,Learning Disabilities,0,0,BB23HH,53.73556,-2.462716
E02002625,RXR,General & Acute,901.010989,948.098901,BB23HH,53.73556,-2.462716
E02002641,RXL,Mental Illness,0,0,FY38NR,53.820675,-3.016275
E02002641,RXL,Maternity,20.681319,38,FY38NR,53.820675,-3.016275
E02002641,RXL,Learning Disabilities,0,0,FY38NR,53.820675,-3.016275
E02002641,RXL,General & Acute,706.857143,738,FY38NR,53.820675,-3.016275
E02002675,RWA,Mental Illness,0,0,HU32JZ,53.744113,-0.358146
E02002675,RWA,Maternity,37.725275,76,HU32JZ,53.744113,-0.358146
E02002675,RWA,Learning Disabilities,0,0,HU32JZ,53.744113,-0.358146
E02002675,RWA,General & Acute,1053.230769,1177.285714,HU32JZ,53.744113,-0.358146
E02002705,RV9,Mental Illness,147.725275,188,HU106FE,53.771067,-0.447309
E02002705,RV9,Maternity,0,0,HU106FE,53.771067,-0.447309
E02002705,RV9,Learning Disabilities,4.89011,14,HU106FE,53.771067,-0.447309
E02002705,RV9,General & Acute,0,0,HU106FE,53.771067,-0.447309
E02002741,RJL,Mental Illness,0,0,DN332BA,53.544882,-0.096233
E02002741,RJL,Maternity,38.494505,67.505495,DN332BA,53.544882,-0.096233
E02002741,RJL,Learning Disabilities,0,0,DN332BA,53.544882,-0.096233
E02002741,RJL,General & Acute,495.791209,566.010989,DN332BA,53.544882,-0.096233
E02002780,RCB,Mental Illness,0,0,YO318HE,53.968952,-1.084285
E02002780,RCB,Maternity,13.351648,68,YO318HE,53.968952,-1.084285
E02002780,RCB,Learning Disabilities,0,0,YO318HE,53.968952,-1.084285
E02002780,RCB,General & Acute,778.417582,808.505495,YO318HE,53.968952,-1.084285
E02002812,RTG,Mental Illness,0,0,DE223NE,52.910425,-1.513523
E02002812,RTG,Maternity,63.901099,114.230769,DE223NE,52.910425,-1.513523
E02002812,RTG,Learning Disabilities,0,0,DE223NE,52.910425,-1.513523
E02002812,RTG,General & Acute,1331.296703,1465.230769,DE223NE,52.910425,-1.513523
E02002812,RXM,Mental Illness,174.494505,203.032967,DE223LZ,52.91807,-1.512351
E02002812,RXM,Maternity,0,0,DE223LZ,52.91807,-1.512351
E02002812,RXM,Learning Disabilities,0,0,DE223LZ,52.91807,-1.512351
E02002812,RXM,General & Acute,0,0,DE223LZ,52.91807,-1.512351
E02002877,RHA,Mental Illness,721.67033,811,NG36AA,52.979272,-1.12643
E02002877,RHA,Maternity,0,0,NG36AA,52.979272,-1.12643
E02002877,RHA,Learning Disabilities,56.021978,60,NG36AA,52.979272,-1.12643
E02002877,RHA,General & Acute,87.450549,100.472527,NG36AA,52.979272,-1.12643
E02002898,RX1,Mental Illness,0,0,NG72UH,52.943799,-1.185957
E02002898,RX1,Maternity,76,120,NG72UH,52.943799,-1.185957
E02002898,RX1,Learning Disabilities,0,0,NG72UH,52.943799,-1.185957
E02002898,RX1,General & Acute,1446.703297,1665.395604,NG72UH,52.943799,-1.185957
E02002916,RLQ,Mental Illness,0,0,HR12ER,52.057013,-2.705709
E02002916,RLQ,Maternity,8.846154,17,HR12ER,52.057013,-2.705709
E02002916,RLQ,Learning Disabilities,0,0,HR12ER,52.057013,-2.705709
E02002916,RLQ,General & Acute,295.241758,295.241758,HR12ER,52.057013,-2.705709
E02002968,RJE,Mental Illness,0,0,ST46QG,53.003262,-2.211798
E02002968,RJE,Maternity,54.615385,64,ST46QG,53.003262,-2.211798
E02002968,RJE,Learning Disabilities,0,0,ST46QG,53.003262,-2.211798
E02002968,RJE,General & Acute,"1,206",1369.802198,ST46QG,53.003262,-2.211798
E02002982,RLY,Mental Illness,134.648352,151.67033,ST48HH,52.96839,-2.167808
E02002982,RLY,Maternity,0,0,ST48HH,52.96839,-2.167808
E02002982,RLY,Learning Disabilities,5.010989,7.483516,ST48HH,52.96839,-2.167808
E02002982,RLY,General & Acute,0,0,ST48HH,52.96839,-2.167808
E02002992,RD1,Mental Illness,0,0,BA13NG,51.391665,-2.391218
E02002992,RD1,Maternity,28.395604,57.32967,BA13NG,51.391665,-2.391218
E02002992,RD1,Learning Disabilities,0,0,BA13NG,51.391665,-2.391218
E02002992,RD1,General & Acute,493.417582,539.582418,BA13NG,51.391665,-2.391218
E02002992,RVN,Mental Illness,416.131868,477.626374,BA13QE,51.388604,-2.392313
E02002992,RVN,Maternity,0,0,BA13QE,51.388604,-2.392313
E02002992,RVN,Learning Disabilities,2.868132,5,BA13QE,51.388604,-2.392313
E02002992,RVN,General & Acute,0,0,BA13QE,51.388604,-2.392313
E02003015,RVJ,Mental Illness,5.461538,12,BS105NB,51.494806,-2.591016
E02003015,RVJ,Maternity,44.241758,61,BS105NB,51.494806,-2.591016
E02003015,RVJ,Learning Disabilities,0,0,BS105NB,51.494806,-2.591016
E02003015,RVJ,General & Acute,899.571429,940.659341,BS105NB,51.494806,-2.591016
E02003036,RA7,Mental Illness,0.032967,0.032967,BS13NU,51.459478,-2.593019
E02003036,RA7,Maternity,37.791209,72,BS13NU,51.459478,-2.593019
E02003036,RA7,Learning Disabilities,0,0,BS13NU,51.459478,-2.593019
E02003036,RA7,General & Acute,948.802198,968.736264,BS13NU,51.459478,-2.593019
E02003126,RK9,Mental Illness,0,0,PL68DH,50.41672,-4.113684
E02003126,RK9,Maternity,39.098901,58,PL68DH,50.41672,-4.113684
E02003126,RK9,Learning Disabilities,0,0,PL68DH,50.41672,-4.113684
E02003126,RK9,General & Acute,982.67033,1132,PL68DH,50.41672,-4.113684
E02003156,RA9,Mental Illness,0,0,TQ27AA,50.482316,-3.553804
E02003156,RA9,Maternity,0,0,TQ27AA,50.482316,-3.553804
E02003156,RA9,Learning Disabilities,0,0,TQ27AA,50.482316,-3.553804
E02003156,RA9,General & Acute,369.604396,398.615385,TQ27AA,50.482316,-3.553804
E02003197,RDY,Mental Illness,176.846154,203,BH170RB,50.740073,-1.978038
E02003197,RDY,Maternity,0,0,BH170RB,50.740073,-1.978038
E02003197,RDY,Learning Disabilities,0,0,BH170RB,50.740073,-1.978038
E02003197,RDY,General & Acute,0,0,BH170RB,50.740073,-1.978038
E02003208,R0D,Mental Illness,0,0,BH152JB,50.721987,-1.973117
E02003208,R0D,Maternity,29.417582,60,BH152JB,50.721987,-1.973117
E02003208,R0D,Learning Disabilities,0,0,BH152JB,50.721987,-1.973117
E02003208,R0D,General & Acute,992.703297,1123.703297,BH152JB,50.721987,-1.973117
E02003219,RN3,Mental Illness,0,0,SN36BB,51.538528,-1.7272
E02003219,RN3,Maternity,21.934066,30,SN36BB,51.538528,-1.7272
E02003219,RN3,Learning Disabilities,0,0,SN36BB,51.538528,-1.7272
E02003219,RN3,General & Acute,546.307692,582.714286,SN36BB,51.538528,-1.7272
E02003251,RGN,Mental Illness,0,0,PE39GZ,52.583921,-0.279386
E02003251,RGN,Maternity,45.351648,109,PE39GZ,52.583921,-0.279386
E02003251,RGN,Learning Disabilities,0,0,PE39GZ,52.583921,-0.279386
E02003251,RGN,General & Acute,869.230769,981.857143,PE39GZ,52.583921,-0.279386
E02003270,RC9,Mental Illness,0,0,LU40DZ,51.894152,-0.474405
E02003270,RC9,Maternity,73.549451,73.549451,LU40DZ,51.894152,-0.474405
E02003270,RC9,Learning Disabilities,0,0,LU40DZ,51.894152,-0.474405
E02003270,RC9,General & Acute,1062.472527,1123.89011,LU40DZ,51.894152,-0.474405
E02003282,RAJ,Mental Illness,0,0,SS00RY,51.553838,0.688617
E02003282,RAJ,Maternity,88.835165,132.164835,SS00RY,51.553838,0.688617
E02003282,RAJ,Learning Disabilities,0,0,SS00RY,51.553838,0.688617
E02003282,RAJ,General & Acute,1631.769231,1731.549451,SS00RY,51.553838,0.688617
E02003325,RPA,Mental Illness,0,0,ME75NY,51.379862,0.542062
E02003325,RPA,Maternity,29.032967,46.505495,ME75NY,51.379862,0.542062
E02003325,RPA,Learning Disabilities,0,0,ME75NY,51.379862,0.542062
E02003325,RPA,General & Acute,474.681319,568.802198,ME75NY,51.379862,0.542062
E02003357,RWX,Mental Illness,120.593407,129.769231,RG122UT,51.416178,-0.740213
E02003357,RWX,Maternity,0,0,RG122UT,51.416178,-0.740213
E02003357,RWX,Learning Disabilities,6.483516,9,RG122UT,51.416178,-0.740213
E02003357,RWX,General & Acute,39.142857,43.67033,RG122UT,51.416178,-0.740213
E02003402,RHW,Mental Illness,0,0,RG15AN,51.451022,-0.95933
E02003402,RHW,Maternity,42.296703,51.56044,RG15AN,51.451022,-0.95933
E02003402,RHW,Learning Disabilities,0,0,RG15AN,51.451022,-0.95933
E02003402,RHW,General & Acute,599.131868,626.241758,RG15AN,51.451022,-0.95933
E02003476,RD8,Mental Illness,0,0,MK65LD,52.026384,-0.73576
E02003476,RD8,Maternity,33.362637,43,MK65LD,52.026384,-0.73576
E02003476,RD8,Learning Disabilities,0,0,MK65LD,52.026384,-0.73576
E02003476,RD8,General & Acute,490.208791,548.076923,MK65LD,52.026384,-0.73576
E02003525,RHU,Mental Illness,0,0,PO63LY,50.850297,-1.069932
E02003525,RHU,Maternity,40.076923,44,PO63LY,50.850297,-1.069932
E02003525,RHU,Learning Disabilities,0,0,PO63LY,50.850297,-1.069932
E02003525,RHU,General & Acute,1057.406593,1107.934066,PO63LY,50.850297,-1.069932
E02003558,RHM,Mental Illness,0,0,SO166YD,50.933019,-1.435104
E02003558,RHM,Maternity,35.428571,55.945055,SO166YD,50.933019,-1.435104
E02003558,RHM,Learning Disabilities,0,0,SO166YD,50.933019,-1.435104
E02003558,RHM,General & Acute,1118.43956,1201.967033,SO166YD,50.933019,-1.435104
E02003575,R1C,Mental Illness,40.736264,51.868132,SO198BR,50.901628,-1.329869
E02003575,R1C,Maternity,0,0,SO198BR,50.901628,-1.329869
E02003575,R1C,Learning Disabilities,9.087912,10,SO198BR,50.901628,-1.329869
E02003575,R1C,General & Acute,108.78022,112.923077,SO198BR,50.901628,-1.329869
E02003588,R1F,Mental Illness,9.032967,10.197802,PO305TG,50.710832,-1.301363
E02003588,R1F,Maternity,5.758242,16,PO305TG,50.710832,-1.301363
E02003588,R1F,Learning Disabilities,0,0,PO305TG,50.710832,-1.301363
E02003588,R1F,General & Acute,273.714286,280.131868,PO305TG,50.710832,-1.301363
E02003682,RXQ,Mental Illness,0,0,HP70JD,51.663005,-0.621408
E02003682,RXQ,Maternity,37,57,HP70JD,51.663005,-0.621408
E02003682,RXQ,Learning Disabilities,0,0,HP70JD,51.663005,-0.621408
E02003682,RXQ,General & Acute,554.483516,560,HP70JD,51.663005,-0.621408
E02003731,RGM,Mental Illness,0,0,CB20AY,52.173522,0.136046
E02003731,RGM,Maternity,0,0,CB20AY,52.173522,0.136046
E02003731,RGM,Learning Disabilities,0,0,CB20AY,52.173522,0.136046
E02003731,RGM,General & Acute,189.461538,258.186813,CB20AY,52.173522,0.136046
E02003731,RGT,Mental Illness,0,0,CB20QQ,52.173741,0.139114
E02003731,RGT,Maternity,43.978022,58.10989,CB20QQ,52.173741,0.139114
E02003731,RGT,Learning Disabilities,0,0,CB20QQ,52.173741,0.139114
E02003731,RGT,General & Acute,983.582418,1047.593407,CB20QQ,52.173741,0.139114
E02003785,RT1,Mental Illness,177.626374,192.164835,CB215EF,52.184505,0.188329
E02003785,RT1,Maternity,0,0,CB215EF,52.184505,0.188329
E02003785,RT1,Learning Disabilities,0.912088,6,CB215EF,52.184505,0.188329
E02003785,RT1,General & Acute,84.835165,97.593407,CB215EF,52.184505,0.188329
E02003797,RJR,Mental Illness,0,0,CH21UL,53.2088,-2.897884
E02003797,RJR,Maternity,18.230769,41,CH21UL,53.2088,-2.897884
E02003797,RJR,Learning Disabilities,0,0,CH21UL,53.2088,-2.897884
E02003797,RJR,General & Acute,441.417582,470.120879,CH21UL,53.2088,-2.897884
E02003797,RXA,Mental Illness,225.813187,256.813187,CH21BQ,53.211544,-2.898825
E02003797,RXA,Maternity,0,0,CH21BQ,53.211544,-2.898825
E02003797,RXA,Learning Disabilities,16.538462,33,CH21BQ,53.211544,-2.898825
E02003797,RXA,General & Acute,0,0,CH21BQ,53.211544,-2.898825
E02003869,RJN,Mental Illness,0,0,SK103BL,53.262321,-2.141074
E02003869,RJN,Maternity,7.648352,20,SK103BL,53.262321,-2.141074
E02003869,RJN,Learning Disabilities,0,0,SK103BL,53.262321,-2.141074
E02003869,RJN,General & Acute,298.527473,326.241758,SK103BL,53.262321,-2.141074
E02003909,REF,Mental Illness,0,0,TR13LJ,50.266686,-5.091464
E02003909,REF,Maternity,27.835165,55.846154,TR13LJ,50.266686,-5.091464
E02003909,REF,Learning Disabilities,0,0,TR13LJ,50.266686,-5.091464
E02003909,REF,General & Acute,666.67033,696.593407,TR13LJ,50.266686,-5.091464
E02003942,RJ8,Mental Illness,105.175824,115,PL312QN,50.471755,-4.740857
E02003942,RJ8,Maternity,0,0,PL312QN,50.471755,-4.740857
E02003942,RJ8,Learning Disabilities,0,0,PL312QN,50.471755,-4.740857
E02003942,RJ8,General & Acute,53.285714,54.406593,PL312QN,50.471755,-4.740857
E02003994,RNN,Mental Illness,0,0,CA27HY,54.896504,-2.957796
E02003994,RNN,Maternity,19.043956,39,CA27HY,54.896504,-2.957796
E02003994,RNN,Learning Disabilities,0,0,CA27HY,54.896504,-2.957796
E02003994,RNN,General & Acute,575.758242,622.505495,CA27HY,54.896504,-2.957796
E02004020,RTX,Mental Illness,0,0,LA97RG,54.306116,-2.731605
E02004020,RTX,Maternity,20.582418,37.89011,LA97RG,54.306116,-2.731605
E02004020,RTX,Learning Disabilities,0,0,LA97RG,54.306116,-2.731605
E02004020,RTX,General & Acute,554.879121,641.472527,LA97RG,54.306116,-2.731605
E02004066,RFS,Mental Illness,0,0,S445BL,53.236214,-1.400051
E02004066,RFS,Maternity,20.747253,34,S445BL,53.236214,-1.400051
E02004066,RFS,Learning Disabilities,0,0,S445BL,53.236214,-1.400051
E02004066,RFS,General & Acute,471.967033,505.934066,S445BL,53.236214,-1.400051
E02004112,RY8,Mental Illness,11.604396,18.010989,S427JE,53.23967,-1.479477
E02004112,RY8,Maternity,0,0,S427JE,53.23967,-1.479477
E02004112,RY8,Learning Disabilities,8.362637,19.956044,S427JE,53.23967,-1.479477
E02004112,RY8,General & Acute,0,0,S427JE,53.23967,-1.479477
E02004161,RH8,Mental Illness,0,0,EX25DW,50.716703,-3.50668
E02004161,RH8,Maternity,20.483516,58.725275,EX25DW,50.716703,-3.50668
E02004161,RH8,Learning Disabilities,0,0,EX25DW,50.716703,-3.50668
E02004161,RH8,General & Acute,997.340659,1133.417582,EX25DW,50.716703,-3.50668
E02004161,RWV,Mental Illness,254.604396,263,EX25AF,50.715395,-3.506298
E02004161,RWV,Maternity,0,0,EX25AF,50.715395,-3.506298
E02004161,RWV,Learning Disabilities,2.461538,5,EX25AF,50.715395,-3.506298
E02004161,RWV,General & Acute,0,0,EX25AF,50.715395,-3.506298
E02004368,RXC,Mental Illness,0,0,TN377PT,50.88769,0.561978
E02004368,RXC,Maternity,18.659341,25,TN377PT,50.88769,0.561978
E02004368,RXC,Learning Disabilities,0,0,TN377PT,50.88769,0.561978
E02004368,RXC,General & Acute,721.857143,802.406593,TN377PT,50.88769,0.561978
E02004505,R1L,Mental Illness,508.571429,590,SS117XX,51.633013,0.543374
E02004505,R1L,Maternity,0,0,SS117XX,51.633013,0.543374
E02004505,R1L,Learning Disabilities,9.868132,10,SS117XX,51.633013,0.543374
E02004505,R1L,General & Acute,75.912088,87,SS117XX,51.633013,0.543374
E02004547,RQW,Mental Illness,0,0,CM201QX,51.771529,0.085457
E02004547,RQW,Maternity,16.824176,56,CM201QX,51.771529,0.085457
E02004547,RQW,Learning Disabilities,0,0,CM201QX,51.771529,0.085457
E02004547,RQW,General & Acute,403.736264,443,CM201QX,51.771529,0.085457
E02004608,RTE,Mental Illness,0,0,GL537AN,51.89212,-2.071883
E02004608,RTE,Maternity,20.67033,60,GL537AN,51.89212,-2.071883
E02004608,RTE,Learning Disabilities,0,0,GL537AN,51.89212,-2.071883
E02004608,RTE,General & Acute,811.582418,861.362637,GL537AN,51.89212,-2.071883
E02004674,RTQ,Mental Illness,155.21978,269.934066,GL34AW,51.84708,-2.176384
E02004674,RTQ,Maternity,0,0,GL34AW,51.84708,-2.176384
E02004674,RTQ,Learning Disabilities,6,6,GL34AW,51.84708,-2.176384
E02004674,RTQ,General & Acute,0,0,GL34AW,51.84708,-2.176384
E02004684,RN5,Mental Illness,0,0,RG249NA,51.280633,-1.109918
E02004684,RN5,Maternity,31.637363,91,RG249NA,51.280633,-1.109918
E02004684,RN5,Learning Disabilities,0.296703,4,RG249NA,51.280633,-1.109918
E02004684,RN5,General & Acute,716.065934,854,RG249NA,51.280633,-1.109918
E02004784,RW1,Mental Illness,397.32967,442.835165,SO402RZ,50.9313,-1.530052
E02004784,RW1,Maternity,0,0,SO402RZ,50.9313,-1.530052
E02004784,RW1,Learning Disabilities,0,0,SO402RZ,50.9313,-1.530052
E02004784,RW1,General & Acute,79.527473,86.010989,SO402RZ,50.9313,-1.530052
E02004945,RWH,Mental Illness,0,0,SG14AB,51.924611,-0.212726
E02004945,RWH,Maternity,42.758242,60.56044,SG14AB,51.924611,-0.212726
E02004945,RWH,Learning Disabilities,0,0,SG14AB,51.924611,-0.212726
E02004945,RWH,General & Acute,526.747253,591.450549,SG14AB,51.924611,-0.212726
E02004977,RWG,Mental Illness,0,0,WD180HB,51.648921,-0.404187
E02004977,RWG,Maternity,31.912088,70,WD180HB,51.648921,-0.404187
E02004977,RWG,Learning Disabilities,0,0,WD180HB,51.648921,-0.404187
E02004977,RWG,General & Acute,588.736264,662.967033,WD180HB,51.648921,-0.404187
E02004990,RWR,Mental Illness,280,330.516484,AL108YE,51.766985,-0.216688
E02004990,RWR,Maternity,0,0,AL108YE,51.766985,-0.216688
E02004990,RWR,Learning Disabilities,27.758242,37,AL108YE,51.766985,-0.216688
E02004990,RWR,General & Acute,0,0,AL108YE,51.766985,-0.216688
E02005025,RVV,Mental Illness,0,0,CT13NG,51.266589,1.087083
E02005025,RVV,Maternity,43.615385,81.164835,CT13NG,51.266589,1.087083
E02005025,RVV,Learning Disabilities,0,0,CT13NG,51.266589,1.087083
E02005025,RVV,General & Acute,1007.813187,1098.758242,CT13NG,51.266589,1.087083
E02005035,RN7,Mental Illness,0,0,DA28DA,51.434952,0.258645
E02005035,RN7,Maternity,34.736264,36,DA28DA,51.434952,0.258645
E02005035,RN7,Learning Disabilities,0,0,DA28DA,51.434952,0.258645
E02005035,RN7,General & Acute,513.274725,559.164835,DA28DA,51.434952,0.258645
E02005037,RPG,Mental Illness,332.021978,367,DA27WG,51.434795,0.174741
E02005037,RPG,Maternity,0,0,DA27WG,51.434795,0.174741
E02005037,RPG,Learning Disabilities,0,0,DA27WG,51.434795,0.174741
E02005037,RPG,General & Acute,0,0,DA27WG,51.434795,0.174741
E02005075,RWF,Mental Illness,0,0,ME169QQ,51.273662,0.483974
E02005075,RWF,Maternity,20.307692,43,ME169QQ,51.273662,0.483974
E02005075,RWF,Learning Disabilities,0,0,ME169QQ,51.273662,0.483974
E02005075,RWF,General & Acute,622.945055,727.56044,ME169QQ,51.273662,0.483974
E02005075,RXY,Mental Illness,407.758242,444.43956,ME169PH,51.273212,0.485699
E02005075,RXY,Maternity,0,0,ME169PH,51.273212,0.485699
E02005075,RXY,Learning Disabilities,0,0,ME169PH,51.273212,0.485699
E02005075,RXY,General & Acute,0,0,ME169PH,51.273212,0.485699
E02005256,RXN,Mental Illness,0,0,PR29HT,53.791521,-2.706842
E02005256,RXN,Maternity,33.252747,62,PR29HT,53.791521,-2.706842
E02005256,RXN,Learning Disabilities,0,0,PR29HT,53.791521,-2.706842
E02005256,RXN,General & Acute,835.681319,877.714286,PR29HT,53.791521,-2.706842
E02005294,RW5,Mental Illness,540.153846,596.032967,PR56AW,53.719431,-2.63894
E02005294,RW5,Maternity,0,0,PR56AW,53.719431,-2.63894
E02005294,RW5,Learning Disabilities,0,0,PR56AW,53.719431,-2.63894
E02005294,RW5,General & Acute,0,0,PR56AW,53.719431,-2.63894
E02005444,RP7,Mental Illness,162.098901,185.373626,LN11FS,53.244029,-0.556905
E02005444,RP7,Maternity,0,0,LN11FS,53.244029,-0.556905
E02005444,RP7,Learning Disabilities,0,0,LN11FS,53.244029,-0.556905
E02005444,RP7,General & Acute,0,0,LN11FS,53.244029,-0.556905
E02005444,RWD,Mental Illness,0,0,LN25QY,53.233575,-0.519635
E02005444,RWD,Maternity,110.318681,164,LN25QY,53.233575,-0.519635
E02005444,RWD,Learning Disabilities,0,0,LN25QY,53.233575,-0.519635
E02005444,RWD,General & Acute,816.450549,979.153846,LN25QY,53.233575,-0.519635
E02005548,RGP,Mental Illness,0,0,NR316LA,52.561672,1.71798
E02005548,RGP,Maternity,13.32967,30,NR316LA,52.561672,1.71798
E02005548,RGP,Learning Disabilities,0,0,NR316LA,52.561672,1.71798
E02005548,RGP,General & Acute,358.131868,422,NR316LA,52.561672,1.71798
E02005560,RCX,Mental Illness,0,0,PE304ET,52.75663,0.446694
E02005560,RCX,Maternity,12.318681,19,PE304ET,52.75663,0.446694
E02005560,RCX,Learning Disabilities,0,0,PE304ET,52.75663,0.446694
E02005560,RCX,General & Acute,527.813187,545.967033,PE304ET,52.75663,0.446694
E02005589,RY3,Mental Illness,0,0,NR23TU,52.633947,1.262489
E02005589,RY3,Maternity,0,0,NR23TU,52.633947,1.262489
E02005589,RY3,Learning Disabilities,1.362637,1.362637,NR23TU,52.633947,1.262489
E02005589,RY3,General & Acute,73,78.791209,NR23TU,52.633947,1.262489
E02005596,RMY,Mental Illness,374.857143,412.164835,NR12DH,52.615176,1.307646
E02005596,RMY,Maternity,0,0,NR12DH,52.615176,1.307646
E02005596,RMY,Learning Disabilities,3.868132,6,NR12DH,52.615176,1.307646
E02005596,RMY,General & Acute,0,0,NR12DH,52.615176,1.307646
E02005598,RM1,Mental Illness,0,0,NR47UY,52.617567,1.221195
E02005598,RM1,Maternity,35.285714,79.78022,NR47UY,52.617567,1.221195
E02005598,RM1,Learning Disabilities,0,0,NR47UY,52.617567,1.221195
E02005598,RM1,General & Acute,943.769231,975.098901,NR47UY,52.617567,1.221195
E02005645,RNQ,Mental Illness,0,0,NN168UZ,52.402783,-0.741293
E02005645,RNQ,Maternity,26.802198,49,NN168UZ,52.402783,-0.741293
E02005645,RNQ,Learning Disabilities,0,0,NN168UZ,52.402783,-0.741293
E02005645,RNQ,General & Acute,530.318681,539,NN168UZ,52.402783,-0.741293
E02005647,RP1,Mental Illness,168.802198,137.626374,NN157PW,52.3941,-0.7222
E02005647,RP1,Maternity,0,0,NN157PW,52.3941,-0.7222
E02005647,RP1,Learning Disabilities,0,0,NN157PW,52.3941,-0.7222
E02005647,RP1,General & Acute,121,197,NN157PW,52.3941,-0.7222
E02005674,RNS,Mental Illness,0,0,NN15BD,52.236068,-0.883829
E02005674,RNS,Maternity,40.252747,70,NN15BD,52.236068,-0.883829
E02005674,RNS,Learning Disabilities,0,0,NN15BD,52.236068,-0.883829
E02005674,RNS,General & Acute,611.505495,706.571429,NN15BD,52.236068,-0.883829
E02005773,RCD,Mental Illness,0,0,HG27SX,53.993807,-1.517573
E02005773,RCD,Maternity,12.56044,26.703297,HG27SX,53.993807,-1.517573
E02005773,RCD,Learning Disabilities,0,0,HG27SX,53.993807,-1.517573
E02005773,RCD,General & Acute,268.395604,286.43956,HG27SX,53.993807,-1.517573
E02005822,RK5,Mental Illness,0,0,NG174JL,53.134573,-1.233579
E02005822,RK5,Maternity,30.054945,48,NG174JL,53.134573,-1.233579
E02005822,RK5,Learning Disabilities,0,0,NG174JL,53.134573,-1.233579
E02005822,RK5,General & Acute,630.428571,683.879121,NG174JL,53.134573,-1.233579
E02005945,RTH,Mental Illness,0,0,OX39DU,51.763867,-1.219773
E02005945,RTH,Maternity,61.758242,101,OX39DU,51.763867,-1.219773
E02005945,RTH,Learning Disabilities,0,0,OX39DU,51.763867,-1.219773
E02005945,RTH,General & Acute,970.120879,1002.868132,OX39DU,51.763867,-1.219773
E02005949,RNU,Mental Illness,321.736264,395,OX37JX,51.750841,-1.22232
E02005949,RNU,Maternity,0,0,OX37JX,51.750841,-1.22232
E02005949,RNU,Learning Disabilities,6.406593,10,OX37JX,51.750841,-1.22232
E02005949,RNU,General & Acute,124.725275,125,OX37JX,51.750841,-1.22232
E02006023,RL1,Mental Illness,0,0,SY107AG,52.884212,-3.032685
E02006023,RL1,Maternity,0,0,SY107AG,52.884212,-3.032685
E02006023,RL1,Learning Disabilities,0,0,SY107AG,52.884212,-3.032685
E02006023,RL1,General & Acute,108.505495,133.032967,SY107AG,52.884212,-3.032685
E02006034,RXW,Mental Illness,0,0,SY38XQ,52.709274,-2.793689
E02006034,RXW,Maternity,24.186813,37,SY38XQ,52.709274,-2.793689
E02006034,RXW,Learning Disabilities,0,0,SY38XQ,52.709274,-2.793689
E02006034,RXW,General & Acute,778.472527,854.527473,SY38XQ,52.709274,-2.793689
E02006109,RH5,Mental Illness,109.483516,129.450549,TA15DA,51.011569,-3.121702
E02006109,RH5,Maternity,33.681319,52,TA15DA,51.011569,-3.121702
E02006109,RH5,Learning Disabilities,0,0,TA15DA,51.011569,-3.121702
E02006109,RH5,General & Acute,1056.461538,1226.505495,TA15DA,51.011569,-3.121702
E02006196,RRE,Mental Illness,243.582418,275.714286,ST163SR,52.810605,-2.109085
E02006196,RRE,Maternity,0,0,ST163SR,52.810605,-2.109085
E02006196,RRE,Learning Disabilities,9.208791,12,ST163SR,52.810605,-2.109085
E02006196,RRE,General & Acute,152.945055,165,ST163SR,52.810605,-2.109085
E02006281,RGR,Mental Illness,0,0,IP332QZ,52.231662,0.709176
E02006281,RGR,Maternity,15.285714,46.747253,IP332QZ,52.231662,0.709176
E02006281,RGR,Learning Disabilities,0,0,IP332QZ,52.231662,0.709176
E02006281,RGR,General & Acute,415.813187,457.076923,IP332QZ,52.231662,0.709176
E02006355,RA2,Mental Illness,0,0,GU27XX,51.241016,-0.607463
E02006355,RA2,Maternity,16.065934,57,GU27XX,51.241016,-0.607463
E02006355,RA2,Learning Disabilities,0,0,GU27XX,51.241016,-0.607463
E02006355,RA2,General & Acute,437.747253,476,GU27XX,51.241016,-0.607463
E02006364,RXX,Mental Illness,113.725275,133.461538,KT227AD,51.297591,-0.335629
E02006364,RXX,Maternity,0,0,KT227AD,51.297591,-0.335629
E02006364,RXX,Learning Disabilities,2.538462,7,KT227AD,51.297591,-0.335629
E02006364,RXX,General & Acute,0,0,KT227AD,51.297591,-0.335629
E02006388,RTP,Mental Illness,0,0,RH15RH,51.219194,-0.162009
E02006388,RTP,Maternity,17.681319,35,RH15RH,51.219194,-0.162009
E02006388,RTP,Learning Disabilities,0,0,RH15RH,51.219194,-0.162009
E02006388,RTP,General & Acute,628.175824,677.736264,RH15RH,51.219194,-0.162009
E02006400,RTK,Mental Illness,0,0,KT160PZ,51.377832,-0.52706
E02006400,RTK,Maternity,42.472527,54,KT160PZ,51.377832,-0.52706
E02006400,RTK,Learning Disabilities,0,0,KT160PZ,51.377832,-0.52706
E02006400,RTK,General & Acute,414.252747,470.395604,KT160PZ,51.377832,-0.52706
E02006425,RDU,Mental Illness,0,0,GU167UJ,51.319666,-0.742029
E02006425,RDU,Maternity,63.494505,115.417582,GU167UJ,51.319666,-0.742029
E02006425,RDU,Learning Disabilities,0,0,GU167UJ,51.319666,-0.742029
E02006425,RDU,General & Acute,1211.450549,1276.417582,GU167UJ,51.319666,-0.742029
E02006482,RLT,Mental Illness,0,0,CV107DJ,52.51258,-1.478439
E02006482,RLT,Maternity,23,23,CV107DJ,52.51258,-1.478439
E02006482,RLT,Learning Disabilities,0,0,CV107DJ,52.51258,-1.478439
E02006482,RLT,General & Acute,377.417582,380.857143,CV107DJ,52.51258,-1.478439
E02006529,RJC,Mental Illness,0,0,CV345BW,52.289965,-1.583203
E02006529,RJC,Maternity,35.846154,38.384615,CV345BW,52.289965,-1.583203
E02006529,RJC,Learning Disabilities,0,0,CV345BW,52.289965,-1.583203
E02006529,RJC,General & Acute,393.395604,448.89011,CV345BW,52.289965,-1.583203
E02006604,RPC,Mental Illness,0,0,RH193DZ,51.135073,-0.0029
E02006604,RPC,Maternity,0,0,RH193DZ,51.135073,-0.0029
E02006604,RPC,Learning Disabilities,0,0,RH193DZ,51.135073,-0.0029
E02006604,RPC,General & Acute,30.428571,59.901099,RH193DZ,51.135073,-0.0029
E02006621,RX2,Mental Illness,533.703297,563,BN133EP,50.84121,-0.411162
E02006621,RX2,Maternity,0,0,BN133EP,50.84121,-0.411162
E02006621,RX2,Learning Disabilities,4,6,BN133EP,50.84121,-0.411162
E02006621,RX2,General & Acute,0,0,BN133EP,50.84121,-0.411162
E02006631,RYR,Mental Illness,0,0,BN112DH,50.816691,-0.363429
E02006631,RYR,Maternity,61.604396,130,BN112DH,50.816691,-0.363429
E02006631,RYR,Learning Disabilities,0,0,BN112DH,50.816691,-0.363429
E02006631,RYR,General & Acute,1705.978022,1811,BN112DH,50.816691,-0.363429
E02006672,RNZ,Mental Illness,0,0,SP28BJ,51.043946,-1.789823
E02006672,RNZ,Maternity,14.571429,24,SP28BJ,51.043946,-1.789823
E02006672,RNZ,Learning Disabilities,0,0,SP28BJ,51.043946,-1.789823
E02006672,RNZ,General & Acute,419.296703,452.901099,SP28BJ,51.043946,-1.789823
E02006741,R1A,Mental Illness,133.615385,141,WR51JR,52.192339,-2.178135
E02006741,R1A,Maternity,0,0,WR51JR,52.192339,-2.178135
E02006741,R1A,Learning Disabilities,0,0,WR51JR,52.192339,-2.178135
E02006741,R1A,General & Acute,33.549451,38.978022,WR51JR,52.192339,-2.178135
E02006743,RWP,Mental Illness,0,0,WR51DD,52.191193,-2.181158
E02006743,RWP,Maternity,14.208791,62,WR51DD,52.191193,-2.181158
E02006743,RWP,Learning Disabilities,0,0,WR51DD,52.191193,-2.181158
E02006743,RWP,General & Acute,744.175824,849.142857,WR51DD,52.191193,-2.181158
E02006793,RAP,General & Acute,419.362637,420.758242,N181QX,51.613094,-0.07375
E02006793,RAP,Mental Illness,0,0,N181QX,51.613094,-0.07375
E02006793,RAP,Maternity,30.208791,30.208791,N181QX,51.613094,-0.07375
E02006793,RAP,Learning Disabilities,0,0,N181QX,51.613094,-0.07375
E02006801,RJ1,Mental Illness,0,0,SE17EH,51.497959,-0.118905
E02006801,RJ1,Maternity,54.824176,76,SE17EH,51.497959,-0.118905
E02006801,RJ1,Learning Disabilities,0,0,SE17EH,51.497959,-0.118905
E02006801,RJ1,General & Acute,1007.021978,1240.131868,SE17EH,51.497959,-0.118905
E02006850,RWE,Mental Illness,0,0,LE15WW,52.6268,-1.135953
E02006850,RWE,Maternity,78.538462,124,LE15WW,52.6268,-1.135953
E02006850,RWE,Learning Disabilities,0,0,LE15WW,52.6268,-1.135953
E02006850,RWE,General & Acute,1555.989011,1712,LE15WW,52.6268,-1.135953
E02006945,RCF,Mental Illness,0,0,BD206TD,53.898015,-1.962695
E02006945,RCF,Maternity,10.956044,29.989011,BD206TD,53.898015,-1.962695
E02006945,RCF,Learning Disabilities,0,0,BD206TD,53.898015,-1.962695
E02006945,RCF,General & Acute,327.32967,354.318681,BD206TD,53.898015,-1.962695
E02007006,RBD,Mental Illness,0,0,DT12JY,50.71294,-2.446936
E02007006,RBD,Maternity,9.483516,32,DT12JY,50.71294,-2.446936
E02007006,RBD,Learning Disabilities,0,0,DT12JY,50.71294,-2.446936
E02007006,RBD,General & Acute,304.120879,328.967033,DT12JY,50.71294,-2.446936
E02007009,RJ2,Mental Illness,0,0,SE136LH,51.453022,-0.017916
E02007009,RJ2,Maternity,63.285714,75,SE136LH,51.453022,-0.017916
E02007009,RJ2,Learning Disabilities,0,0,SE136LH,51.453022,-0.017916
E02007009,RJ2,General & Acute,897.582418,965.516484,SE136LH,51.453022,-0.017916
E02007030,RBT,Mental Illness,0,0,CW14QJ,53.117685,-2.475863
E02007030,RBT,Maternity,12.912088,27.186813,CW14QJ,53.117685,-2.475863
E02007030,RBT,Learning Disabilities,0,0,CW14QJ,53.117685,-2.475863
E02007030,RBT,General & Acute,459.10989,508.571429,CW14QJ,53.117685,-2.475863
E02007057,RDE,Mental Illness,0,0,CO45JL,51.910164,0.899182
E02007057,RDE,Maternity,42.758242,64,CO45JL,51.910164,0.899182
E02007057,RDE,Learning Disabilities,0,0,CO45JL,51.910164,0.899182
E02007057,RDE,General & Acute,1159.010989,1204.582418,CO45JL,51.910164,0.899182
E02007058,RXP,Mental Illness,0,0,DL36HX,54.530374,-1.563733
E02007058,RXP,Maternity,36.626374,61,DL36HX,54.530374,-1.563733
E02007058,RXP,Learning Disabilities,0,0,DL36HX,54.530374,-1.563733
E02007058,RXP,General & Acute,876.769231,938.901099,DL36HX,54.530374,-1.563733
